home_option_no,internet,gas,washing_machine,air_conditioner,refrigerator,elevator,microwave,breakfast,toilet,heating,parking,station,move_in_date,sink,type
1,1,1,1,1,1,1,1,0,1,0,0,1,1,1,OR
2,1,1,1,1,1,1,1,1,1,0,1,0,1,1,VL
3,1,1,1,1,1,1,1,0,1,0,0,1,1,1,OR
4,1,1,1,1,1,1,1,0,1,0,0,1,1,1,OR
5,1,1,1,1,1,1,1,0,1,0,1,0,1,1,DDDGG
6,1,1,1,1,1,1,1,0,1,0,0,1,1,1,DDDGG
7,1,1,1,1,1,1,1,0,1,0,0,1,1,1,DDDGG
8,1,1,1,1,1,1,1,0,1,0,0,1,1,1,DDDGG
9,1,1,1,1,1,1,1,0,1,0,1,1,1,1,OR
10,1,1,1,1,1,1,1,0,1,0,0,1,1,1,DDDGG
11,1,1,1,1,1,1,1,0,1,0,0,1,1,1,DDDGG
12,1,1,1,1,1,1,1,0,1,0,0,0,1,1,OR
13,1,1,1,1,1,1,1,0,1,0,0,1,1,1,OR
14,1,1,1,1,1,1,1,0,1,0,0,1,1,1,OR
15,1,1,1,1,1,1,1,1,1,0,1,0,1,1,VL
16,1,1,1,1,1,1,1,0,1,0,0,0,1,1,OR
17,1,1,1,1,1,1,1,1,1,0,0,1,1,1,DDDGG
18,1,1,1,1,1,1,1,1,1,0,0,1,1,1,OR
19,1,1,1,1,1,1,1,0,1,0,0,0,1,1,DDDGG
20,1,1,1,1,1,1,1,1,1,0,0,1,1,1,OR
21,1,1,1,1,1,1,1,1,1,0,0,1,1,1,OPST
22,1,1,1,1,1,1,1,0,1,0,1,1,1,1,OR
23,1,1,1,1,1,1,1,1,1,0,0,1,1,1,OR
24,1,1,1,1,1,1,1,0,1,0,1,0,1,1,DDDGG
25,1,1,1,1,1,1,1,1,1,0,1,1,1,1,DDDGG
26,1,1,1,1,1,1,1,0,1,0,0,1,1,1,DDDGG
27,0,1,0,0,1,1,1,0,1,0,0,1,0,0,OR
28,1,1,1,1,1,1,1,1,1,0,0,1,1,1,OR
29,1,1,1,1,1,1,1,1,1,0,0,1,1,1,OR
30,1,1,1,1,1,1,1,1,1,0,0,0,1,1,OR
31,1,1,1,1,1,1,1,1,1,0,1,0,1,1,APT
32,1,1,1,1,1,1,1,1,1,0,1,1,1,1,OR
33,1,1,1,1,1,1,1,0,1,0,1,0,1,1,OR
34,1,1,1,1,1,1,1,0,1,0,0,0,1,1,DDDGG
35,1,1,1,1,1,1,1,0,1,0,0,1,1,1,OR
36,1,1,1,1,1,1,1,1,1,0,1,1,1,1,OPST
37,1,1,1,1,1,1,1,1,1,0,0,1,1,1,OR
38,1,1,1,1,1,1,1,1,1,0,0,1,1,1,OR
39,1,1,1,1,1,1,1,0,1,0,0,1,1,1,DDDGG
40,1,1,1,1,1,1,1,0,1,0,1,0,1,1,DDDGG
41,1,1,1,1,1,1,1,0,1,0,1,0,1,1,DDDGG
42,1,1,1,1,1,1,1,1,1,0,1,1,1,1,OPST
43,1,1,1,1,1,1,1,0,1,0,0,1,1,1,OPST
44,1,1,1,1,1,1,1,1,1,0,1,0,1,1,OR
45,1,1,1,1,1,1,1,1,1,0,0,0,1,1,OR
46,1,1,1,1,1,1,1,1,1,0,0,1,1,1,DDDGG
47,1,1,1,1,1,1,1,1,1,0,1,0,1,1,OR
48,1,1,1,1,1,1,1,1,1,0,1,0,1,1,OR
49,1,1,1,1,1,1,1,0,1,0,0,0,1,1,OR
50,1,1,1,1,1,1,1,0,1,0,0,0,1,1,OR
51,1,1,1,1,1,1,1,0,1,0,0,0,1,1,OR
52,1,1,1,1,1,1,1,1,1,0,0,0,1,1,DDDGG
53,1,1,1,1,1,1,1,1,1,0,0,1,1,1,DDDGG
54,1,1,1,1,1,1,1,1,1,0,0,1,1,1,OR
55,1,1,1,1,1,1,1,1,1,0,0,1,1,1,OR
56,1,1,1,1,1,1,1,0,1,0,0,1,1,1,DDDGG
57,1,1,1,1,1,1,1,1,1,0,0,1,1,1,DDDGG
58,1,1,1,1,1,1,1,0,1,0,1,0,1,1,OR
59,1,1,1,1,1,1,1,0,1,0,0,1,1,1,OR
60,1,1,1,1,1,1,1,1,1,0,0,0,1,1,DDDGG
61,0,0,0,1,0,0,1,0,1,1,1,0,1,0,OR
62,1,1,1,1,1,1,1,1,1,0,1,1,1,1,OR
63,1,1,1,1,1,1,1,1,1,0,1,1,1,1,DDDGG
64,1,1,1,1,1,1,1,0,1,0,1,0,1,1,DDDGG
65,1,1,1,1,1,1,1,0,1,0,0,1,1,1,DDDGG
66,1,1,1,1,1,1,1,1,1,0,0,1,1,1,DDDGG
67,1,1,1,1,1,1,1,1,1,0,0,1,1,1,DDDGG
68,1,1,1,1,1,1,1,1,1,0,1,1,1,1,DDDGG
69,1,1,1,1,1,1,1,0,1,0,1,1,1,1,DDDGG
70,1,1,1,1,1,1,1,1,1,0,0,0,1,1,DDDGG
71,1,1,1,1,1,1,1,0,1,0,0,1,1,1,DDDGG
72,1,1,1,1,1,1,1,1,1,0,0,1,1,1,DDDGG
73,1,1,1,1,1,1,1,1,1,0,1,1,1,1,DDDGG
74,1,1,1,1,1,1,1,1,1,0,0,1,1,1,DDDGG
75,1,1,1,1,1,1,1,1,1,1,1,1,1,1,DDDGG
76,1,1,1,1,1,1,1,0,1,0,1,0,1,1,VL
77,1,1,1,1,1,1,1,1,1,0,0,1,1,1,DDDGG
78,1,1,1,1,1,1,1,0,1,0,0,1,1,1,OR
79,1,1,1,1,1,1,1,0,1,0,0,0,1,1,OR
80,1,1,1,1,1,1,1,0,1,0,0,1,1,1,OR
81,1,1,1,1,1,1,1,1,1,0,0,0,1,1,VL
82,1,1,1,1,1,1,1,1,1,0,1,0,1,1,DDDGG
83,1,1,1,1,0,1,1,0,1,1,0,1,0,0,OR
84,1,1,1,1,1,1,1,1,1,0,1,0,1,1,DDDGG
85,1,1,1,1,1,1,1,1,1,0,1,0,1,1,DDDGG
86,1,1,1,1,1,1,1,0,1,0,0,1,1,1,OR
87,1,1,1,1,1,1,1,1,1,0,0,1,1,1,OR
88,1,1,1,1,1,1,1,0,1,0,0,1,1,1,VL
89,1,1,1,1,1,1,1,1,1,0,0,1,1,1,DDDGG
90,1,1,1,1,1,1,1,1,1,0,1,0,1,1,DDDGG
91,1,1,1,1,1,1,1,0,1,0,0,0,1,1,OR
92,1,1,1,1,1,1,1,1,1,0,0,0,1,1,OR
93,1,1,1,1,1,1,1,0,1,0,0,0,1,1,DDDGG
94,1,1,1,1,1,1,1,0,1,0,0,0,1,1,DDDGG
95,1,1,1,1,1,1,1,1,1,0,0,1,1,1,OR
96,1,1,1,1,1,1,1,0,1,0,1,0,1,1,OR
97,1,1,1,1,1,1,1,0,1,0,1,0,1,1,OR
98,1,1,1,1,1,1,1,0,1,0,0,0,1,1,OR
99,1,1,1,1,1,1,1,1,1,0,1,0,1,1,OR
100,0,1,1,1,0,1,1,1,0,1,0,1,1,1,OR
101,1,1,1,1,1,1,1,1,1,0,1,0,1,1,OR
102,1,1,1,1,1,1,1,0,1,0,0,0,1,1,OR
103,1,1,1,1,1,1,1,1,1,0,0,0,1,1,OR
104,1,1,1,1,1,1,1,1,1,0,1,0,1,1,OR
105,1,1,0,0,0,1,0,0,0,0,0,1,0,1,OR
106,1,1,1,1,1,1,1,0,1,0,0,1,1,1,OR
107,1,1,1,1,1,1,1,0,1,0,0,0,1,1,OR
108,1,1,1,1,1,1,1,1,1,0,1,1,1,1,OR
109,1,1,1,1,1,1,1,1,1,0,0,1,1,1,OR
110,1,1,1,1,1,1,1,0,1,0,0,1,1,1,OR
111,1,1,1,1,1,1,1,1,1,0,0,1,1,1,OR
112,1,1,1,1,1,1,1,1,1,0,0,1,1,1,OR
113,1,1,1,1,1,1,1,0,1,0,0,1,1,1,OR
114,1,1,1,1,1,1,1,0,1,0,0,1,1,1,OR
115,1,1,1,1,1,1,1,1,1,0,0,1,1,1,OR
116,1,1,1,1,1,1,1,1,1,0,0,1,1,1,OR
117,1,1,1,1,1,1,1,0,1,0,0,0,1,1,OR
118,1,1,1,1,1,1,1,1,1,0,0,1,1,1,OR
119,1,1,1,1,1,1,1,0,1,0,0,0,1,1,OR
120,1,1,1,1,1,1,1,1,1,0,0,1,1,1,OR
121,1,1,1,1,1,1,1,1,1,0,0,1,1,1,OR
122,1,1,1,1,1,1,1,1,1,0,0,1,1,1,OR
123,1,1,1,1,1,1,1,1,1,0,0,1,1,1,OR
124,1,1,1,1,1,1,1,1,1,0,0,1,1,1,OR
125,1,1,1,1,1,1,1,1,1,0,0,1,1,1,OR
126,1,1,1,1,1,1,1,0,1,0,0,1,1,1,OR
127,1,1,1,1,1,1,1,0,1,0,0,0,1,1,OR
128,1,1,1,1,1,1,1,0,1,0,0,1,1,1,OR
129,1,1,1,1,1,1,1,0,1,0,1,0,1,1,OR
130,1,1,1,1,1,1,1,0,1,0,0,1,1,1,OR
131,1,1,1,1,1,1,1,0,1,0,0,1,1,1,OR
132,1,1,1,1,1,1,1,0,1,0,0,1,1,1,OR
133,1,1,1,1,1,1,1,0,1,0,0,1,1,1,OR
134,1,1,1,1,1,1,1,0,1,0,0,1,1,1,OR
135,1,1,1,1,1,1,1,0,1,0,0,1,1,1,OR
136,1,1,1,1,1,1,1,1,1,0,1,1,1,1,OR
137,1,1,1,1,1,1,1,0,1,0,0,1,1,1,OR
138,1,1,1,1,1,1,1,1,1,0,0,1,1,1,OR
139,1,1,1,1,1,1,1,0,1,0,1,0,1,1,OR
140,1,1,1,1,1,1,1,0,1,0,0,0,1,1,OR
141,1,1,1,1,1,1,1,0,1,0,0,1,1,1,OR
142,1,1,1,1,1,1,1,0,1,0,0,1,1,1,OR
143,1,1,1,1,1,1,1,1,1,0,0,1,1,1,OR
144,1,1,1,1,1,1,1,1,1,0,0,1,1,1,OR
145,1,1,1,1,1,1,1,1,1,0,0,0,1,1,OR
146,1,1,1,1,1,1,1,0,1,0,1,1,1,1,OR
147,1,1,1,1,1,1,1,0,1,0,0,1,1,1,OR
148,1,1,1,1,1,1,1,1,1,0,1,0,1,1,OR
149,1,1,1,1,1,1,1,0,1,0,1,0,1,1,OR
150,1,1,1,1,1,1,1,1,1,0,0,1,1,1,OR
151,1,1,1,1,1,1,1,1,1,0,0,0,1,1,OR
152,1,1,1,1,1,1,1,0,1,0,0,1,1,1,OR
153,1,1,1,1,1,1,1,1,1,0,0,1,1,1,OR
154,1,1,1,1,1,1,1,0,1,0,0,0,1,1,OR
155,1,1,1,1,1,1,1,0,1,0,0,0,1,1,OR
156,1,1,1,1,1,1,1,1,1,0,1,0,1,1,OR
157,1,1,1,1,1,1,1,1,1,0,1,0,1,1,OR
158,1,1,1,1,1,1,1,1,1,0,1,1,1,1,VL
159,1,1,1,1,1,1,1,1,1,0,0,1,1,1,OR
160,1,1,1,1,1,1,1,0,1,0,0,0,1,1,OR
161,1,1,1,1,1,1,1,0,1,0,0,1,1,1,OR
162,1,1,1,1,1,1,1,1,1,0,0,0,1,1,OR
163,1,1,1,1,1,1,1,0,1,0,0,1,1,1,OR
164,1,1,1,1,1,1,1,0,1,0,0,0,1,1,OR
165,1,1,1,1,1,1,1,0,1,0,0,0,1,1,OR
166,1,1,1,1,1,1,1,1,1,0,1,1,1,1,DDDGG
167,1,1,1,1,1,1,1,1,1,0,0,1,1,1,OR
168,1,1,1,1,1,1,1,1,1,0,0,1,1,1,OR
169,1,1,1,1,1,1,1,1,1,0,1,1,1,1,VL
170,1,1,1,1,1,1,1,1,1,0,1,1,1,1,OR
171,1,1,1,1,1,1,1,0,1,0,1,1,1,1,OR
172,1,1,1,1,1,1,1,0,1,0,0,0,1,1,OR
173,1,1,1,1,1,1,1,0,1,0,0,0,1,1,OR
174,1,1,1,1,1,1,1,1,1,0,0,1,1,1,OR
175,1,1,1,1,1,1,1,0,1,0,1,1,1,1,DDDGG
176,1,1,1,1,1,1,1,1,1,0,0,1,1,1,OR
177,1,1,1,1,1,1,1,1,1,0,0,1,1,1,OR
178,1,1,1,1,1,1,1,0,1,0,0,0,1,1,OR
179,1,1,1,1,1,1,1,1,1,0,1,1,1,1,DDDGG
180,1,1,1,1,1,1,1,1,1,0,1,0,1,1,OR
181,1,1,1,1,1,1,1,1,1,0,0,0,1,1,OR
182,1,1,1,1,1,1,1,0,1,0,0,1,1,1,OR
183,1,1,1,1,1,1,1,1,1,0,0,1,1,1,OR
184,1,1,1,1,1,1,1,0,1,0,0,1,1,1,DDDGG
185,1,1,1,1,1,1,1,1,1,0,0,0,1,1,OR
186,1,1,1,1,1,1,1,1,1,0,0,1,1,1,OR
187,1,1,1,1,1,1,1,0,1,0,0,1,1,1,DDDGG
188,1,1,1,1,1,1,1,1,1,0,0,0,1,1,OR
189,1,1,1,1,1,1,1,1,1,0,0,1,1,1,OR
190,1,1,1,1,1,1,1,0,1,0,0,0,1,1,OR
191,1,1,1,1,1,1,1,1,1,0,0,0,1,1,OR
192,1,1,1,1,1,1,1,1,1,0,1,0,1,1,OR
193,1,1,1,1,1,1,1,1,1,0,0,1,1,1,OR
194,1,1,1,1,1,1,1,0,1,0,0,1,1,1,OR
195,1,1,1,1,1,1,1,1,1,0,0,1,1,1,OR
196,1,1,1,0,0,1,0,1,0,0,0,1,1,0,OR
197,1,1,1,1,1,1,1,0,1,0,0,1,1,1,DDDGG
198,1,1,1,1,1,1,1,1,1,0,0,1,1,1,OR
199,1,1,1,1,1,1,1,1,1,0,0,1,1,1,DDDGG
200,1,1,1,1,1,1,1,0,1,0,1,0,1,1,OR
201,1,1,1,1,1,1,1,0,1,0,0,1,1,1,DDDGG
202,1,1,1,1,1,1,1,0,1,0,0,1,1,1,DDDGG
203,1,1,1,1,1,1,1,1,1,0,0,1,1,1,DDDGG
204,1,1,1,1,1,1,1,0,1,0,1,0,1,1,OR
205,1,1,1,1,1,1,1,1,1,0,1,0,1,1,OR
206,1,1,1,1,1,1,1,1,1,0,0,1,1,1,OR
207,1,1,1,1,1,1,1,0,1,0,1,1,1,1,OR
208,1,1,1,1,1,1,1,0,1,0,0,1,1,1,OR
209,1,1,1,1,1,1,1,0,1,0,0,1,1,1,OR
210,1,1,1,1,1,1,1,0,1,0,0,0,1,1,OR
211,1,1,1,1,1,1,1,0,1,0,0,1,1,1,OR
212,1,1,1,1,1,1,1,0,1,0,0,1,1,1,OR
213,1,1,1,1,1,1,1,0,1,0,1,0,1,1,OR
214,1,1,1,1,1,1,1,0,1,0,0,1,1,1,OR
215,1,1,1,1,1,1,1,1,1,0,0,0,1,1,OR
216,1,1,1,1,1,1,1,0,1,0,0,0,1,1,OR
217,1,1,1,1,1,1,1,0,1,0,0,1,1,1,OR
218,1,1,1,1,1,1,1,0,1,0,0,0,1,1,OR
219,1,1,1,1,1,1,1,1,1,0,0,0,1,1,OR
220,1,1,1,1,1,1,1,0,1,0,0,0,1,1,OR
221,1,1,1,1,1,1,1,1,1,0,0,1,1,1,OR
222,1,1,1,1,1,1,1,0,1,0,0,0,1,1,OR
223,1,1,1,1,1,1,1,0,1,0,1,1,1,1,OR
224,1,1,1,1,1,1,1,0,1,0,1,0,1,1,OR
225,1,1,1,1,1,1,1,0,1,0,1,0,1,1,OR
226,1,1,1,1,1,1,1,1,1,0,0,0,1,1,DDDGG
227,1,1,1,1,1,1,1,0,1,0,1,0,1,1,OR
228,1,1,1,1,1,1,1,0,1,0,0,0,1,1,OR
229,1,1,1,1,1,1,1,0,1,0,0,1,1,1,OR
230,1,1,1,1,1,1,1,0,1,0,0,0,1,1,OR
231,1,1,1,1,1,1,1,0,1,0,0,1,1,1,OR
232,1,1,1,1,1,1,1,0,1,0,0,0,1,1,OR
233,1,1,1,1,1,1,1,0,1,0,0,0,1,1,OR
234,1,1,1,1,1,1,1,1,1,0,0,1,1,1,OR
235,1,1,1,1,1,1,1,1,1,0,0,1,1,1,OR
236,1,1,1,1,1,1,1,1,1,0,0,0,1,1,OR
237,1,1,1,1,1,1,1,0,1,0,0,1,1,1,OR
238,1,1,1,1,1,1,1,1,1,0,1,1,1,1,OR
239,1,1,1,1,1,1,1,1,1,0,1,1,1,1,OR
240,1,1,1,1,1,1,1,0,1,0,1,1,1,1,OR
241,1,1,1,1,1,1,1,0,1,0,1,0,1,1,OR
242,1,1,1,1,1,1,1,0,1,0,1,0,1,1,OR
243,1,1,1,1,1,1,1,0,1,0,1,0,1,1,OR
244,1,1,1,1,1,1,1,0,1,0,1,1,1,1,OR
245,1,1,1,1,1,1,1,0,1,0,1,0,1,1,OR
246,1,1,1,1,1,1,1,0,1,0,0,0,1,1,OR
247,1,1,1,1,1,1,1,0,1,0,1,0,1,1,OR
248,0,1,1,0,1,1,0,1,1,0,1,0,1,0,OR
249,1,1,0,0,0,0,1,0,0,0,1,1,0,0,OR
250,1,1,0,1,1,0,1,0,1,1,1,0,1,1,OR
251,1,0,1,0,0,0,1,1,0,1,1,1,1,0,OR
252,1,1,1,1,1,1,1,0,1,0,0,1,1,1,DDDGG
253,1,1,1,1,1,1,1,1,1,0,0,1,1,1,DDDGG
254,1,1,1,1,1,1,1,0,1,0,0,1,1,1,OR
255,1,1,1,1,1,1,1,1,1,0,0,0,1,1,OR
256,1,1,1,1,1,1,1,0,1,0,0,1,1,1,OR
257,0,0,1,1,0,1,1,0,1,0,1,1,0,1,OPST
258,1,1,1,1,1,1,1,0,1,0,1,0,1,1,OR
259,1,1,1,1,1,1,1,0,1,0,0,1,1,1,OR
260,1,1,1,1,1,1,1,1,1,0,0,0,1,1,OR
261,1,1,1,1,1,1,1,1,1,0,1,0,1,1,OR
262,1,1,1,1,1,1,1,1,1,0,0,0,1,1,OR
263,1,1,1,1,1,1,1,1,1,0,1,0,1,1,OR
264,1,1,1,1,1,1,1,1,1,0,0,0,1,1,OR
265,1,1,1,1,1,1,1,0,1,0,1,1,1,1,DDDGG
266,1,1,1,1,1,1,1,1,1,0,0,1,1,1,OR
267,1,1,1,1,1,1,1,0,1,0,0,1,1,1,OR
268,1,1,1,1,1,1,1,1,1,0,1,0,1,1,OR
269,1,1,1,1,1,1,1,0,1,0,0,1,1,1,OR
270,1,1,1,1,1,1,1,1,1,0,1,1,1,1,DDDGG
271,0,1,1,0,1,0,1,1,0,1,0,1,1,1,OR
272,1,1,1,1,1,1,1,1,1,0,0,0,1,1,DDDGG
273,1,1,1,1,1,1,1,0,1,0,0,0,1,1,OR
274,1,1,1,1,1,1,1,0,1,0,0,1,1,1,OR
275,1,1,1,1,1,1,1,0,1,0,0,1,1,1,OR
276,1,1,1,1,1,1,1,0,1,0,0,1,1,1,OR
277,1,1,1,1,1,1,1,1,1,0,1,0,1,1,OR
278,1,1,1,1,1,1,1,1,1,0,0,1,1,1,OR
279,1,1,1,1,1,1,1,1,1,0,0,0,1,1,OR
280,1,1,1,1,1,1,1,1,1,0,0,0,1,1,OR
281,1,1,1,1,1,1,1,0,1,0,1,0,1,1,OR
282,1,1,1,1,1,1,1,0,1,0,0,1,1,1,OR
283,1,1,1,1,1,1,1,0,1,0,0,0,1,1,OR
284,1,1,1,1,1,1,1,0,1,0,1,0,1,1,OR
285,1,1,1,1,1,1,1,0,1,0,0,1,1,1,OR
286,1,1,1,1,1,1,1,0,1,0,0,1,1,1,OR
287,1,1,1,1,1,1,1,0,1,0,0,1,1,1,OR
288,1,1,1,1,1,1,1,0,1,0,0,1,1,1,OR
289,1,1,1,1,1,1,1,1,1,0,0,1,1,1,OR
290,1,1,1,1,1,1,1,1,1,0,0,1,1,1,DDDGG
291,1,1,1,1,1,1,1,1,1,0,0,1,1,1,OR
292,1,1,1,1,1,1,1,1,1,0,0,1,1,1,OR
293,1,1,1,1,1,1,1,1,1,0,1,1,1,1,OR
294,1,1,1,1,1,1,1,1,1,0,1,1,1,1,OR
295,1,1,1,1,1,1,1,0,1,0,0,0,1,1,OR
296,1,1,1,1,1,1,1,1,1,0,0,1,1,1,OR
297,1,1,1,1,1,1,1,0,1,0,0,1,1,1,OR
298,1,1,1,1,1,1,1,1,1,0,0,1,1,1,OR
299,1,1,1,1,1,1,1,0,1,0,0,0,1,1,OR
300,1,1,1,1,1,1,1,0,1,0,0,1,1,1,OR
301,1,1,1,1,1,1,1,1,1,0,1,0,1,1,OR
302,1,1,1,1,1,1,1,0,1,0,0,1,1,1,OR
303,1,1,1,1,1,1,1,1,1,0,0,1,1,1,OR
304,1,1,1,1,1,1,1,0,1,0,0,1,1,1,OR
305,1,1,1,1,1,1,1,0,1,0,0,1,1,1,OR
306,1,1,1,1,1,1,1,1,1,0,0,1,1,1,OR
307,1,1,1,1,1,1,1,1,1,0,0,0,1,1,OR
308,1,1,1,1,1,1,1,0,1,0,1,0,1,1,DDDGG
309,1,1,1,1,1,1,1,0,1,0,0,1,1,1,OR
310,1,1,1,1,1,1,1,0,1,0,0,1,1,1,DDDGG
311,1,1,1,1,1,1,1,0,1,0,0,1,1,1,OR
312,1,1,1,1,1,1,1,0,1,0,0,1,1,1,OR
313,1,1,1,1,1,1,1,1,1,0,0,1,1,1,OR
314,1,1,1,1,1,1,1,0,1,0,0,1,1,1,OR
315,1,1,1,1,1,1,1,0,1,0,0,0,1,1,OR
316,1,1,1,1,1,1,1,0,1,0,1,0,1,1,OR
317,1,1,1,1,1,1,1,1,1,0,0,1,1,1,DDDGG
318,1,1,1,1,1,1,1,1,1,0,0,1,1,1,OR
319,1,1,1,1,1,1,1,0,1,0,0,1,1,1,OR
320,0,0,1,0,0,0,1,1,0,0,0,0,0,1,OR
321,1,0,0,1,1,1,1,0,0,1,1,0,1,1,OR
322,1,1,1,0,1,0,0,1,0,0,0,1,1,1,OR
323,0,0,0,1,1,0,1,1,0,0,0,1,0,1,VL
324,1,1,1,1,1,1,1,1,1,0,1,1,1,1,OR
325,1,1,1,1,1,1,1,1,1,0,0,1,1,1,OR
326,0,1,1,0,0,1,1,0,0,1,1,0,1,0,OR
327,1,1,1,1,1,1,1,1,1,0,0,1,1,1,OR
328,1,1,1,1,1,1,1,0,1,0,0,1,1,1,OR
329,1,1,1,1,1,1,1,1,1,0,0,1,1,1,DDDGG
330,1,1,1,1,1,1,1,0,1,0,0,1,1,1,OR
331,1,1,1,1,1,1,1,1,1,0,0,0,1,1,OR
332,1,1,1,1,1,1,1,0,1,0,1,1,1,1,OR
333,1,1,1,1,1,1,1,1,1,0,0,1,1,1,OR
334,1,1,1,1,1,1,1,0,1,0,1,0,1,1,OR
335,1,1,1,1,1,1,1,0,1,0,0,1,1,1,OR
336,1,1,1,1,1,1,1,1,1,0,0,1,1,1,OR
337,1,1,1,1,1,1,1,1,1,0,1,1,1,1,OR
338,1,1,1,1,1,1,1,0,1,0,0,1,1,1,OR
339,1,1,1,1,1,1,1,0,1,0,0,1,1,1,OR
340,0,0,0,1,1,1,1,1,0,0,0,1,1,0,DDDGG
341,1,1,1,1,1,1,1,1,1,0,0,0,1,1,OR
342,1,1,1,1,1,1,1,1,1,0,1,1,1,1,VL
343,1,0,1,1,0,0,1,0,0,0,0,1,0,0,OR
344,1,1,1,1,1,1,1,1,1,0,1,1,1,1,DDDGG
345,1,1,1,1,1,1,1,1,1,0,0,1,1,1,OR
346,1,1,1,1,1,1,1,0,1,0,0,1,1,1,OR
347,1,1,1,1,1,1,1,0,1,0,1,1,1,1,OR
348,1,1,1,1,1,1,1,0,1,0,0,1,1,1,OR
349,1,1,1,1,1,1,1,0,1,0,0,1,1,1,OR
350,1,1,1,1,1,1,1,0,1,0,0,1,1,1,OR
351,1,1,1,1,1,1,1,1,1,0,0,1,1,1,OR
352,1,1,1,1,1,1,1,0,1,0,0,1,1,1,OR
353,1,1,1,1,1,1,1,0,1,0,0,0,1,1,OR
354,1,1,1,1,1,1,1,1,1,0,0,1,1,1,OR
355,1,1,1,1,1,1,1,1,1,0,0,0,1,1,OR
356,1,1,1,1,1,1,1,1,1,0,0,1,1,1,OR
357,1,1,1,1,1,1,1,0,1,0,0,1,1,1,OR
358,1,1,1,1,1,1,1,0,1,0,0,1,1,1,OR
359,1,1,1,1,1,1,1,0,1,0,0,1,1,1,OR
360,1,1,1,1,1,1,1,0,1,0,0,0,1,1,OR
361,1,1,1,1,1,1,1,1,1,0,1,0,1,1,OR
362,1,1,1,1,1,1,1,1,1,0,0,0,1,1,DDDGG
363,1,1,1,1,1,1,1,1,1,0,0,1,1,1,OR
364,1,1,1,1,1,1,1,1,1,0,0,0,1,1,DDDGG
365,1,1,1,1,1,1,1,0,1,0,1,0,1,1,OR
366,1,1,1,1,1,1,1,1,1,0,1,0,1,1,DDDGG
367,1,1,1,1,1,1,1,1,1,0,0,1,1,1,OR
368,1,1,1,1,1,1,1,1,1,0,0,1,1,1,OR
369,1,1,1,1,1,1,1,1,1,0,1,0,1,1,OR
370,1,1,1,1,1,1,1,0,1,0,1,1,1,1,DDDGG
371,1,1,1,1,1,1,1,0,1,0,0,1,1,1,OR
372,1,1,1,1,1,1,1,0,1,0,0,1,1,1,OR
373,1,1,1,1,1,1,1,0,1,0,0,1,1,1,OR
374,1,0,1,1,0,1,0,0,0,0,1,1,0,0,OR
375,0,1,0,0,0,0,1,0,0,0,1,1,0,0,OR
376,0,1,0,1,1,1,0,1,0,1,1,1,0,0,OR
377,1,1,1,1,1,1,1,0,1,0,0,1,1,1,OR
378,1,1,1,1,1,1,1,0,1,0,0,1,1,1,OR
379,1,1,1,1,1,1,1,0,1,0,0,0,1,1,OR
380,1,1,1,1,1,1,1,1,1,0,0,0,1,1,DDDGG
381,1,1,1,1,1,1,1,1,1,0,1,0,1,1,OR
382,1,1,1,1,1,1,1,1,1,0,0,1,1,1,OR
383,1,1,1,1,1,1,1,0,1,0,0,0,1,1,OR
384,1,1,1,1,1,1,1,0,1,0,0,0,1,1,OR
385,1,1,1,1,1,1,1,0,1,0,0,0,1,1,OR
386,1,1,1,1,1,1,1,1,1,0,1,0,1,1,OR
387,1,1,1,1,1,1,1,0,1,0,0,1,1,1,OR
388,0,1,0,1,1,0,0,1,1,0,1,0,1,0,OR
389,1,1,1,1,1,1,1,1,1,0,0,1,1,1,VL
390,1,1,1,1,1,1,1,1,1,0,0,1,1,1,OR
391,1,1,1,1,1,1,1,0,1,1,1,1,1,1,OR
392,1,1,1,1,1,1,1,1,1,0,1,1,1,1,DDDGG
393,1,1,1,1,1,1,1,0,1,0,1,1,1,1,OR
394,1,1,1,1,1,1,1,1,1,0,1,1,1,1,DDDGG
395,1,1,1,1,1,1,1,1,1,0,0,1,1,1,OR
396,0,1,0,1,0,0,1,1,0,0,0,1,1,0,OR
397,0,1,1,1,1,1,1,0,0,1,0,1,0,1,OR
398,1,1,1,1,1,1,1,0,1,0,0,1,1,1,OR
399,1,1,1,1,1,1,1,0,1,0,0,1,1,1,OR
400,1,1,1,1,1,1,1,0,1,0,1,1,1,1,OR
401,1,1,1,1,1,1,1,1,1,0,0,1,1,1,OR
402,1,1,0,1,1,1,0,1,0,0,1,1,1,1,OR
403,1,1,1,1,1,1,1,1,1,0,0,1,1,1,OR
404,1,1,1,1,1,1,1,0,1,0,0,1,1,1,OR
405,1,1,1,1,1,1,1,1,1,0,0,1,1,1,OR
406,1,1,1,1,1,1,1,0,1,0,1,1,1,1,OR
407,1,1,1,1,1,1,1,0,1,0,0,1,1,1,OR
408,1,1,1,1,1,1,1,1,1,0,0,1,1,1,OR
409,1,1,1,1,1,1,1,1,1,0,1,0,1,1,OR
410,1,1,1,1,1,1,1,1,1,0,1,0,1,1,OR
411,1,1,1,1,1,1,1,0,1,0,0,0,1,1,OR
412,1,1,1,1,1,1,1,0,1,0,0,0,1,1,OR
413,1,1,1,1,1,1,1,1,1,0,1,0,1,1,DDDGG
414,1,1,1,1,1,1,1,1,1,0,0,1,1,1,OR
415,1,1,1,1,1,1,1,1,1,0,0,1,1,1,APT
416,0,1,1,1,0,1,0,1,1,1,0,0,0,1,OPST
417,1,1,1,1,1,1,1,1,1,0,1,0,1,1,OR
418,1,1,1,1,1,1,1,1,1,0,1,1,1,1,OR
419,1,1,1,1,1,1,1,1,1,0,0,0,1,1,DDDGG
420,1,1,1,1,1,1,1,1,1,0,0,1,1,1,DDDGG
421,1,1,1,1,1,1,1,1,1,0,1,1,1,1,DDDGG
422,1,1,1,1,1,1,1,0,1,0,1,1,1,1,DDDGG
423,1,1,1,1,1,1,1,0,1,0,1,0,1,1,OPST
424,1,1,1,1,1,1,1,1,1,0,0,0,1,1,OPST
425,1,1,1,1,1,1,1,1,1,0,1,0,1,1,OPST
426,1,1,1,1,1,1,1,1,1,0,1,0,1,1,OR
427,1,0,1,1,1,1,1,1,1,0,0,1,1,0,OR
428,1,1,1,1,1,1,1,1,1,0,0,1,1,1,OR
429,1,1,1,1,1,1,1,0,1,0,0,0,1,1,DDDGG
430,1,1,1,1,1,1,1,0,1,0,0,0,1,1,OR
431,1,1,1,1,1,1,1,1,1,0,0,0,1,1,OR
432,1,1,1,1,1,1,1,1,1,0,1,0,1,1,DDDGG
433,1,1,1,1,1,1,1,1,1,0,0,1,1,1,OR
434,1,1,1,1,1,1,1,1,1,0,1,0,1,1,OR
435,1,1,1,1,1,1,1,0,1,0,1,0,1,1,OR
436,0,1,0,0,0,1,1,1,0,0,0,1,0,0,OR
437,1,1,1,1,1,1,1,1,1,0,0,0,1,1,OR
438,1,1,1,1,1,1,1,1,1,0,0,1,1,1,OR
439,1,1,1,1,1,1,1,1,1,0,1,0,1,1,OR
440,1,1,1,1,1,1,1,0,1,0,0,1,1,1,OR
441,1,1,1,1,1,1,1,0,1,0,0,1,1,1,OR
442,1,1,1,1,1,1,1,0,1,0,1,0,1,1,OR
443,1,1,1,1,1,1,1,1,1,0,0,1,1,1,OR
444,1,1,1,1,1,1,1,1,1,0,1,0,1,1,DDDGG
445,1,1,1,1,1,1,1,0,1,0,0,0,1,1,OR
446,1,1,1,1,1,1,1,1,1,0,0,0,1,1,OR
447,1,1,1,1,1,1,1,0,1,0,0,1,1,1,OR
448,1,1,1,1,1,1,1,1,1,0,0,1,1,1,OR
449,1,1,1,1,1,1,1,1,1,0,1,1,1,1,DDDGG
450,1,1,1,1,1,1,1,0,1,0,1,0,1,1,OR
451,1,1,1,1,1,1,1,1,1,0,0,0,1,1,OR
452,1,1,1,1,1,1,1,0,1,0,1,1,1,1,OR
453,1,1,1,1,1,1,1,1,1,0,1,0,1,1,DDDGG
454,0,1,0,1,1,1,0,1,0,0,1,1,1,0,OR
455,1,1,1,1,1,1,1,1,1,0,0,1,1,1,OR
456,0,0,1,0,0,1,1,0,0,1,1,0,1,1,OR
457,1,1,1,1,1,1,1,1,1,0,1,0,1,1,DDDGG
458,1,1,1,1,1,1,1,0,1,0,0,0,1,1,OR
459,1,1,1,1,1,1,1,1,1,0,0,1,1,1,OR
460,1,1,1,1,1,1,1,1,1,0,0,1,1,1,OR
461,1,0,1,0,0,0,1,0,0,0,1,1,1,0,OR
462,1,1,1,1,1,1,1,1,1,0,0,1,1,1,OR
463,1,1,1,1,1,1,1,0,1,0,0,1,1,1,OR
464,1,1,1,1,1,1,1,0,1,0,0,1,1,1,OR
465,1,1,1,1,1,1,1,0,1,0,0,1,1,1,OR
466,1,1,1,1,1,1,1,0,1,0,1,0,1,1,OR
467,1,1,1,1,1,1,1,0,1,0,0,0,1,1,OR
468,1,1,1,1,1,1,1,1,1,0,1,1,1,1,OR
469,1,1,1,1,1,1,1,1,1,0,0,0,1,1,OR
470,1,1,1,1,1,1,1,0,1,0,0,1,1,1,OR
471,1,1,1,1,1,1,1,0,1,0,1,0,1,1,OR
472,1,1,1,1,1,1,1,1,1,0,1,1,1,1,OR
473,1,1,1,1,1,1,1,1,1,0,0,1,1,1,OR
474,1,1,1,1,1,1,1,0,1,0,0,0,1,1,OR
475,1,1,1,1,1,1,1,1,1,0,1,0,1,1,OR
476,1,1,1,1,1,1,1,0,1,0,1,0,1,1,OR
477,1,1,1,1,1,1,1,1,1,0,1,0,1,1,OR
478,1,1,1,1,1,1,1,0,1,0,1,0,1,1,OR
479,1,1,1,1,1,1,1,0,1,0,1,0,1,1,OR
480,1,1,1,1,1,1,1,1,1,0,0,0,1,1,OR
481,1,1,1,1,1,1,1,0,1,0,0,1,1,1,OR
482,1,1,1,1,1,1,1,0,1,0,0,1,1,1,OR
483,1,1,1,1,1,1,1,1,1,0,1,1,1,1,OR
484,1,1,1,1,1,1,1,1,1,0,1,0,1,1,DDDGG
485,1,1,1,1,1,1,1,0,1,0,0,1,1,1,OR
486,1,1,1,1,1,1,1,0,1,0,1,0,1,1,OR
487,1,1,1,1,1,1,1,1,1,0,0,1,1,1,VL
488,1,1,1,1,1,1,1,1,1,0,0,1,1,1,OR
489,1,1,1,1,1,1,1,1,1,0,1,0,1,1,DDDGG
490,1,1,1,1,1,1,1,0,1,0,1,0,1,1,DDDGG
491,1,1,1,1,1,1,1,1,1,0,1,0,1,1,DDDGG
492,1,1,1,0,0,0,1,0,0,1,1,0,1,1,DDDGG
493,1,1,1,1,1,1,1,1,1,0,1,0,1,1,DDDGG
494,1,1,1,1,1,1,1,1,1,0,0,0,1,1,OR
495,1,1,1,0,0,0,0,0,1,0,0,0,1,0,DDDGG
496,1,1,1,1,1,1,1,1,1,0,0,0,1,1,DDDGG
497,1,1,1,1,1,1,1,0,1,0,1,0,1,1,OR
498,1,1,1,1,1,1,1,1,1,0,0,0,1,1,OR
499,1,1,1,1,1,1,1,1,1,0,0,1,1,1,OR
500,1,1,1,1,1,1,1,1,1,0,0,1,1,1,OR
501,1,1,1,1,1,1,1,0,1,0,0,0,1,1,OR
502,1,1,1,1,1,1,1,0,1,0,0,1,1,1,OR
503,1,1,1,1,1,1,1,0,1,0,0,0,1,1,OR
504,1,1,1,1,1,1,1,1,1,0,0,0,1,1,DDDGG
505,1,1,1,1,1,1,1,0,1,0,0,1,1,1,OR
506,1,1,1,1,1,1,1,1,1,0,0,1,1,1,DDDGG
507,1,1,1,1,1,1,1,0,1,0,1,1,1,1,DDDGG
508,1,1,1,1,1,1,1,1,1,0,0,1,1,1,OR
509,1,1,1,1,1,1,1,0,1,0,0,0,1,1,OR
510,1,1,1,1,1,1,1,0,1,0,0,1,1,1,OR
511,1,1,1,1,1,1,1,1,1,0,0,1,1,1,OR
512,1,1,1,1,1,1,1,0,1,0,0,1,1,1,OR
513,1,1,1,1,1,1,1,0,1,0,0,1,1,1,OR
514,1,1,1,1,1,1,1,0,1,0,0,1,1,1,OR
515,1,1,1,1,1,1,1,0,1,0,0,1,1,1,OR
516,1,1,1,1,1,1,1,1,1,0,1,1,1,1,OR
517,1,1,1,1,1,1,1,1,1,0,0,0,1,1,OR
518,1,1,1,1,1,1,1,1,1,0,0,1,1,1,OR
519,1,1,1,1,1,1,1,0,1,0,1,1,1,1,OR
520,1,1,1,1,1,1,1,0,1,0,1,0,1,1,OR
521,1,1,1,1,1,1,1,0,1,0,1,1,1,1,OR
522,1,1,1,1,1,1,1,1,1,0,0,1,1,1,OR
523,1,1,1,1,1,1,1,0,1,0,0,1,1,1,OR
524,1,1,1,1,1,1,1,1,1,0,1,1,1,1,OR
525,1,1,1,1,1,1,1,0,1,0,0,1,1,1,OR
526,1,1,1,1,1,1,1,0,1,0,0,1,1,1,OR
527,1,1,1,1,1,1,1,1,1,0,0,1,1,1,OR
528,1,1,1,1,1,1,1,0,1,0,0,1,1,1,OR
529,1,1,1,1,1,1,1,1,1,0,1,0,1,1,OR
530,1,1,1,1,1,1,1,1,1,0,0,1,1,1,OR
531,1,1,1,1,1,1,1,1,1,0,0,1,1,1,OR
532,1,1,1,1,1,1,1,0,1,0,0,1,1,1,OR
533,1,1,1,1,1,1,1,0,1,0,0,0,1,1,OR
534,1,1,1,1,1,1,1,1,1,0,1,1,1,1,OR
535,1,1,1,1,1,1,1,0,1,0,1,0,1,1,OR
536,1,1,1,1,1,1,1,1,1,0,1,0,1,1,DDDGG
537,1,1,1,1,1,1,1,0,1,0,1,0,1,1,DDDGG
538,1,1,1,1,1,1,1,0,1,0,0,1,1,1,OR
539,1,1,1,1,1,1,1,0,1,0,0,1,1,1,OR
540,1,1,1,1,1,1,1,1,1,0,0,0,1,1,OR
541,1,1,1,1,1,1,1,1,1,0,1,1,1,1,OR
542,1,1,1,1,1,1,1,0,1,0,0,1,1,1,OR
543,1,1,1,1,1,1,1,1,1,0,0,0,1,1,OR
544,1,1,1,1,1,1,1,1,1,0,1,0,1,1,OR
545,1,1,1,1,1,1,1,1,1,0,1,0,1,1,OR
546,1,1,1,1,1,1,1,1,1,0,0,0,1,1,DDDGG
547,1,1,1,1,1,1,1,1,1,0,0,0,1,1,DDDGG
548,1,1,1,1,1,1,1,1,1,0,0,0,1,1,DDDGG
549,1,1,1,1,1,1,1,0,1,0,1,0,1,1,DDDGG
550,1,1,1,1,1,1,1,0,1,0,1,0,1,1,OR
551,1,1,1,1,1,1,1,0,1,0,1,0,1,1,OR
552,1,1,1,1,1,1,1,0,1,0,0,1,1,1,OR
553,1,1,1,1,1,1,1,1,1,0,0,0,1,1,OR
554,1,1,1,1,1,1,1,1,1,0,1,1,1,1,OR
555,1,1,1,1,1,1,1,1,1,0,0,0,1,1,OR
556,1,1,1,1,1,1,1,0,1,0,0,1,1,1,OR
557,1,1,1,1,1,1,1,0,1,0,0,1,1,1,OR
558,1,1,1,1,1,1,1,1,1,0,0,1,1,1,OR
559,1,1,1,1,1,1,1,1,1,0,0,1,1,1,OR
560,1,1,1,1,1,1,1,0,1,0,0,0,1,1,DDDGG
561,1,1,1,1,1,1,1,1,1,0,0,0,1,1,OR
562,1,1,1,1,1,1,1,0,1,0,0,0,1,1,OR
563,1,1,1,1,1,1,1,0,1,0,0,1,1,1,OR
564,1,1,1,1,1,1,1,0,1,0,1,0,1,1,OR
565,1,1,1,1,1,1,1,1,1,0,1,0,1,1,OR
566,1,1,1,1,1,1,1,0,1,0,0,1,1,1,OR
567,1,1,1,1,1,1,1,1,1,0,1,0,1,1,OR
568,1,1,1,1,1,1,1,0,1,0,1,1,1,1,OR
569,1,1,1,1,1,1,1,1,1,0,1,1,1,1,OR
570,1,1,1,1,1,1,1,1,1,0,1,1,1,1,DDDGG
571,1,1,1,1,1,1,1,1,1,0,1,0,1,1,OR
572,1,1,1,1,1,1,1,0,1,0,0,1,1,1,OR
573,1,1,1,1,1,1,1,0,1,0,1,1,1,1,OR
574,1,1,1,1,1,1,1,1,1,0,0,1,1,1,OR
575,1,1,1,1,1,1,1,0,1,0,1,1,1,1,OR
576,1,1,1,1,1,1,1,1,1,0,1,1,1,1,OR
577,1,1,1,1,1,1,1,0,1,0,0,1,1,1,OR
578,1,1,1,1,1,1,1,0,1,0,1,1,1,1,OR
579,1,1,1,1,1,1,1,0,1,0,0,1,1,1,OR
580,1,1,1,1,1,1,1,1,1,0,1,1,1,1,DDDGG
581,1,1,1,1,1,1,1,1,1,0,0,1,1,1,VL
582,1,1,1,1,1,1,1,0,1,0,1,1,1,1,DDDGG
583,1,1,1,1,1,1,1,1,1,0,1,0,1,1,DDDGG
584,1,1,1,1,1,1,1,0,1,0,1,0,1,1,OR
585,1,1,1,1,1,1,1,1,1,0,0,1,1,1,OR
586,1,1,1,1,1,1,1,0,1,0,0,0,1,1,OR
587,1,1,1,1,1,1,1,0,1,0,0,1,1,1,OR
588,1,1,1,1,1,1,1,0,1,0,0,1,1,1,OR
589,1,1,1,1,1,1,1,0,1,0,0,1,1,1,OR
590,1,1,1,1,1,1,1,0,1,0,0,1,1,1,OR
591,1,1,1,1,1,1,1,0,1,0,0,1,1,1,OR
592,1,1,1,1,1,1,1,0,1,0,0,0,1,1,OR
593,1,1,1,1,1,1,1,1,1,0,1,0,1,1,OPST
594,1,1,1,1,1,1,1,1,1,0,0,1,1,1,OR
595,1,1,1,1,1,1,1,1,1,0,0,1,1,1,OR
596,1,1,1,0,1,0,1,1,0,1,0,1,0,1,OR
597,1,1,1,1,1,1,1,0,1,0,0,1,1,1,OR
598,0,1,1,1,1,1,1,0,0,1,0,1,0,0,OR
599,1,1,1,1,1,1,1,0,1,0,0,1,1,1,OR
600,0,0,0,0,0,0,0,1,0,1,0,1,1,1,OR
601,1,1,1,0,0,1,1,1,0,0,0,1,1,0,OR
602,0,1,1,1,0,1,1,0,0,0,0,1,0,1,OR
603,1,1,1,1,1,1,1,1,1,0,0,1,1,1,OR
604,1,1,1,1,1,1,1,1,1,0,0,1,1,1,OR
605,1,1,1,1,1,1,1,1,1,0,0,1,1,1,OR
606,1,1,1,1,1,1,1,1,1,0,1,0,1,1,VL
607,1,1,1,1,1,1,1,1,1,0,1,0,1,1,DDDGG
608,1,1,1,1,1,1,1,0,1,0,0,1,1,1,OR
609,1,1,1,1,1,1,1,0,1,0,0,1,1,1,OR
610,1,1,1,1,1,1,1,0,1,0,0,1,1,1,OR
611,1,1,1,1,1,1,1,0,1,0,0,1,1,1,OR
612,1,0,0,0,1,0,1,0,0,1,0,1,1,1,OR
613,1,1,1,1,1,1,1,0,1,0,0,1,1,1,OR
614,1,1,1,1,1,1,1,1,1,0,0,1,1,1,OR
615,1,1,1,1,1,1,1,1,1,0,1,0,1,1,OR
616,1,1,1,1,1,1,1,1,1,0,1,0,1,1,OR
617,1,1,1,1,1,1,1,0,1,0,1,0,1,1,OR
618,1,1,1,1,1,1,1,0,1,1,0,1,1,1,OR
619,1,1,1,1,1,1,1,0,1,0,1,0,1,1,OR
620,1,1,1,1,1,1,1,0,1,0,0,0,1,1,OR
621,1,1,1,1,1,1,1,0,1,0,1,0,1,1,OR
622,0,1,1,1,1,0,1,1,0,1,0,1,0,0,OR
623,1,1,1,1,1,0,1,0,0,1,0,1,1,0,OR
624,1,1,1,1,1,1,1,0,1,0,0,1,1,1,OR
625,0,1,0,0,1,1,0,0,1,0,0,1,1,0,OR
626,1,1,1,1,1,1,1,1,1,0,0,1,1,1,OR
627,1,1,1,1,1,1,1,0,1,0,1,1,1,1,OR
628,1,1,1,1,1,1,1,0,1,0,0,1,1,1,OR
629,1,1,1,1,1,1,1,1,1,0,0,1,1,1,OPST
630,1,1,1,1,1,1,1,1,1,0,1,1,1,1,OR
631,1,1,1,1,1,1,1,0,1,0,1,1,1,1,OPST
632,1,0,1,0,0,1,0,0,0,0,0,1,1,1,OR
633,0,1,0,0,0,1,1,1,0,0,0,1,1,0,OR
634,1,1,1,1,1,1,1,0,1,0,0,1,1,1,OR
635,1,1,1,1,1,1,1,1,1,0,1,1,1,1,OR
636,1,1,1,1,1,1,1,0,1,0,0,1,1,1,OR
637,1,1,1,1,1,1,1,1,1,0,0,1,1,1,OR
638,0,1,1,0,0,0,1,1,0,0,0,1,0,1,OR
639,1,1,1,1,1,1,1,0,1,0,0,0,1,1,OR
640,1,1,1,1,1,1,1,0,1,0,0,1,1,1,OR
641,1,1,1,1,1,1,1,0,1,0,1,1,1,1,OR
642,1,1,1,1,1,1,1,1,1,0,0,1,1,1,OR
643,1,0,1,1,0,0,1,1,0,1,1,1,0,0,OR
644,1,0,0,1,1,1,1,1,0,0,0,1,0,1,OR
645,1,1,1,1,1,1,1,1,1,0,0,1,1,1,OR
646,1,1,1,1,1,1,1,1,1,0,0,1,1,1,OR
647,1,1,1,1,1,1,1,0,1,0,0,1,1,1,OR
648,1,1,1,1,1,1,1,0,1,0,0,1,1,1,OR
649,1,1,1,1,1,1,1,1,1,0,0,1,1,1,OR
650,1,1,1,1,1,1,1,1,1,0,1,1,1,1,OR
651,1,0,1,1,1,1,0,1,0,1,0,1,0,0,OR
652,1,1,1,1,1,1,1,1,1,0,0,1,1,1,OR
653,0,0,1,1,1,0,1,0,0,1,0,1,0,1,OR
654,1,1,1,1,1,1,1,0,1,0,1,1,1,1,OPST
655,1,1,1,1,1,1,1,0,1,0,1,0,1,1,OR
656,1,1,1,1,1,1,1,0,1,0,0,1,1,1,OR
657,1,1,1,1,1,1,1,1,1,0,1,1,1,1,DDDGG
658,0,1,0,1,0,1,1,1,0,1,0,1,0,1,OR
659,1,1,1,1,1,1,1,0,1,0,0,1,1,1,OR
660,1,1,1,1,1,1,1,0,1,0,0,1,1,1,OR
661,1,1,1,1,1,1,1,0,1,0,0,1,1,1,OR
662,1,1,1,1,1,1,1,0,1,0,1,1,1,1,DDDGG
663,1,1,1,1,1,1,1,1,1,0,1,0,1,1,DDDGG
664,1,1,1,1,1,1,1,0,1,0,0,1,1,1,OR
665,0,1,0,1,1,1,1,1,0,1,0,1,1,0,OR
666,1,1,1,1,1,1,1,1,1,0,0,1,1,1,OR
667,1,1,1,1,1,1,1,1,1,0,0,0,1,1,DDDGG
668,0,0,1,0,0,1,0,0,0,1,0,1,0,1,OR
669,1,1,1,1,1,1,1,0,1,0,0,1,1,1,OR
670,1,1,1,1,1,1,1,0,1,0,0,0,1,1,OR
671,1,1,1,1,1,1,1,0,1,0,0,1,1,1,VL
672,1,1,1,1,1,1,1,1,1,0,1,1,1,1,OR
673,1,1,1,1,1,1,1,1,1,0,1,1,1,1,OR
674,1,1,1,1,1,1,1,1,1,0,1,1,1,1,OR
675,1,0,0,0,0,1,0,0,0,1,0,1,1,1,OR
676,1,1,1,1,1,1,1,1,1,0,0,1,1,1,OR
677,1,1,1,1,1,1,1,0,1,0,0,1,1,1,OPST
678,1,1,1,1,1,1,1,1,1,0,0,1,1,1,OR
679,1,1,1,1,1,1,1,0,1,0,0,1,1,1,OR
680,1,1,1,1,1,1,1,0,1,0,1,1,1,1,OR
681,1,1,1,1,1,1,1,1,1,0,1,1,1,1,OR
682,1,1,1,1,1,1,1,1,1,0,0,0,1,1,OR
683,1,1,1,1,1,1,1,1,1,0,0,1,1,1,OR
684,1,1,0,0,0,1,1,1,0,0,0,1,0,1,OR
685,1,1,1,1,1,1,1,1,1,0,0,1,1,1,OR
686,1,1,1,1,1,1,1,0,1,0,0,1,1,1,OR
687,1,1,1,1,1,1,1,0,1,0,0,1,1,1,OR
688,1,1,1,0,0,1,0,1,0,1,0,1,1,0,OR
689,1,1,1,1,1,1,1,1,1,0,0,1,1,1,OR
690,1,1,1,1,1,1,1,1,1,0,1,0,1,1,OR
691,1,1,1,1,1,1,1,0,1,0,0,0,1,1,OR
692,1,1,1,1,1,1,1,1,1,0,0,1,1,1,OR
693,1,1,1,1,1,1,1,1,1,0,0,0,1,1,OR
694,1,1,1,1,1,1,1,1,1,0,1,0,1,1,OR
695,1,1,1,1,1,1,1,0,1,0,0,0,1,1,OR
696,1,0,1,1,0,0,0,1,0,1,0,1,1,1,OR
697,1,1,1,0,0,1,1,1,0,1,0,1,0,0,OR
698,1,1,1,1,1,1,1,0,1,0,0,1,1,1,OR
699,1,1,1,1,1,1,1,1,1,0,0,1,1,1,OR
700,1,1,1,1,1,1,1,0,1,0,0,0,1,1,OR
701,1,1,1,1,1,1,1,0,1,0,1,0,1,1,DDDGG
702,1,1,1,1,1,1,1,0,1,0,1,0,1,1,DDDGG
703,1,1,1,1,1,1,1,1,1,0,1,0,1,1,DDDGG
704,1,1,1,1,1,1,1,0,1,0,1,0,1,1,OR
705,1,1,1,1,1,1,1,1,1,0,0,1,1,1,OR
706,1,1,1,1,1,1,1,0,1,0,1,0,1,1,OR
707,1,1,1,1,1,1,1,0,1,1,1,0,1,1,DDDGG
708,1,1,1,1,1,1,1,1,1,0,1,0,1,1,OR
709,1,1,1,1,1,1,1,0,1,0,1,0,1,1,VL
710,1,1,1,1,1,1,1,0,1,0,0,0,1,1,OR
711,0,0,1,0,0,1,0,1,1,1,0,1,1,1,DDDGG
712,1,1,1,1,1,1,1,1,1,0,1,1,1,1,OR
713,1,1,1,1,1,1,1,0,1,0,1,1,1,1,OR
714,1,1,1,1,1,1,1,0,1,0,0,1,1,1,OR
715,1,1,1,1,1,1,1,1,1,0,0,0,1,1,VL
716,1,1,1,1,1,1,1,1,1,0,1,1,1,1,OR
717,1,1,1,1,1,1,1,0,1,0,0,1,1,1,OR
718,1,1,1,1,1,1,1,0,1,0,1,1,1,1,OR
719,1,1,1,1,1,1,1,0,1,0,0,1,1,1,OR
720,1,1,1,1,1,1,1,1,1,0,1,0,1,1,DDDGG
721,1,1,1,1,1,1,1,0,1,0,0,1,1,1,OR
722,1,1,1,1,1,1,1,0,1,0,0,1,1,1,OR
723,1,1,0,1,1,0,0,1,0,1,0,1,0,0,OR
724,1,1,1,1,1,1,1,0,1,0,0,1,1,1,VL
725,1,1,1,1,1,1,1,0,1,0,0,0,1,1,OR
726,1,1,1,1,1,1,1,1,1,0,0,0,1,1,DDDGG
727,1,1,1,1,1,1,1,1,1,0,1,0,1,1,OR
728,1,1,1,1,1,1,1,1,1,0,1,1,1,1,DDDGG
729,1,1,1,1,1,1,1,0,1,0,1,1,1,1,DDDGG
730,1,1,1,1,1,1,1,1,1,0,1,0,1,1,DDDGG
731,1,1,1,1,1,1,1,1,1,0,1,0,1,1,DDDGG
732,1,1,1,1,1,1,1,0,1,0,0,1,1,1,OR
733,1,1,1,1,1,1,1,1,1,0,1,0,1,1,DDDGG
734,1,1,1,1,1,1,1,1,1,0,1,1,1,1,OR
735,1,1,1,1,1,1,1,1,1,0,1,0,1,1,OR
736,1,1,1,1,1,1,1,1,1,0,0,0,1,1,OR
737,1,1,1,1,1,1,1,0,1,0,1,0,1,1,OR
738,1,1,1,1,1,1,1,0,1,0,1,0,1,1,OR
739,1,1,1,1,1,1,1,0,1,0,1,0,1,1,OR
740,1,1,1,1,1,1,1,0,1,0,1,0,1,1,OR
741,1,1,1,1,1,1,1,0,1,0,1,0,1,1,OR
742,1,1,1,1,1,1,1,0,1,0,0,1,1,1,OR
743,1,1,1,1,1,1,1,1,1,0,1,0,1,1,OR
744,1,1,1,1,1,1,1,1,1,0,1,0,1,1,OR
745,1,1,1,1,1,1,1,0,1,0,0,1,1,1,OR
746,1,1,1,1,1,1,1,0,1,0,0,1,1,1,OR
747,1,1,1,1,1,1,1,0,1,0,1,0,1,1,VL
748,1,1,1,1,1,1,1,0,1,0,0,1,1,1,OR
749,1,1,1,1,1,1,1,1,1,0,0,1,1,1,OR
750,1,1,1,1,1,1,1,0,1,0,1,0,1,1,OR
751,1,1,1,1,1,1,1,0,1,0,1,1,1,1,OR
752,1,1,1,1,1,1,1,1,1,0,1,0,1,1,OR
753,1,1,1,1,1,1,1,1,1,0,0,1,1,1,OR
754,1,1,1,1,1,1,1,0,1,0,1,0,1,1,OR
755,1,1,1,1,1,1,1,0,1,0,0,0,1,1,OR
756,1,1,1,1,1,1,1,0,1,0,0,0,1,1,OR
757,1,1,1,1,1,1,1,0,1,0,1,0,1,1,OR
758,1,1,1,1,1,1,1,0,1,1,0,0,1,1,OPST
759,1,1,1,1,1,1,1,1,1,0,1,0,1,1,OR
760,1,1,1,1,1,1,1,0,1,0,1,0,1,1,OR
761,1,1,1,1,1,1,1,0,1,0,1,1,1,1,OR
762,1,1,1,1,1,1,1,0,1,0,0,0,1,1,OPST
763,1,1,1,1,1,1,1,0,1,0,0,1,1,1,OR
764,1,1,1,1,1,1,1,1,1,0,1,0,1,1,OR
765,1,1,1,1,1,1,1,1,1,0,1,0,1,1,OPST
766,1,1,1,1,1,1,1,1,1,0,1,0,1,1,OR
767,1,1,1,1,1,1,1,0,1,0,0,0,1,1,OR
768,1,1,1,1,1,1,1,1,1,0,0,0,1,1,OR
769,1,1,1,1,1,1,1,0,1,0,0,0,1,1,OR
770,1,1,1,1,1,1,1,0,1,0,1,1,1,1,OR
771,1,1,1,1,1,1,1,1,1,0,1,0,1,1,OR
772,0,1,1,0,0,0,0,1,0,1,1,0,0,0,OPST
773,1,1,1,1,1,1,1,0,1,0,1,1,1,1,OR
774,0,0,1,0,0,0,0,0,1,0,0,0,1,0,OR
775,1,1,1,1,1,1,1,1,1,0,1,0,1,1,OR
776,1,1,1,1,1,1,1,0,1,0,0,1,1,1,OR
777,1,1,1,1,1,1,1,0,1,0,1,0,1,1,OR
778,1,1,1,1,1,1,1,0,1,0,0,0,1,1,DDDGG
779,1,1,1,1,1,1,1,1,1,0,1,0,1,1,DDDGG
780,1,1,1,1,1,1,1,0,1,0,0,0,1,1,DDDGG
781,1,1,1,1,1,1,1,0,1,0,1,0,1,1,DDDGG
782,1,1,1,1,1,1,1,0,1,1,0,0,1,1,OR
783,1,1,1,1,1,1,1,0,1,0,0,0,1,1,DDDGG
784,1,1,1,1,1,1,1,1,1,0,0,0,1,1,DDDGG
785,1,1,1,1,1,1,1,0,1,1,0,0,1,1,DDDGG
786,1,1,1,1,1,1,1,0,1,0,0,0,1,1,DDDGG
787,1,1,1,1,1,1,1,0,1,0,1,0,1,1,DDDGG
788,1,1,1,1,1,1,1,1,1,0,1,0,1,1,DDDGG
789,1,1,1,1,1,1,1,0,1,0,0,0,1,1,DDDGG
790,1,1,1,1,1,1,1,1,1,0,1,0,1,1,OR
791,1,1,1,1,1,1,1,0,1,0,0,1,1,1,OPST
792,1,1,1,1,1,1,1,1,1,1,1,0,1,1,OPST
793,1,1,1,1,1,1,1,0,1,0,0,0,1,1,OR
794,1,1,1,1,1,1,1,0,1,0,0,0,1,1,OR
795,1,1,1,1,1,1,1,0,1,0,0,1,1,1,OR
796,1,1,1,1,1,1,1,1,1,0,0,0,1,1,OR
797,1,1,1,1,1,1,1,0,1,0,0,0,1,1,OR
798,1,1,1,1,1,1,1,0,1,0,0,1,1,1,OR
799,1,1,1,1,1,1,1,0,1,0,0,0,1,1,OR
800,1,1,1,1,1,1,1,1,1,0,0,1,1,1,OR
801,1,0,1,1,0,1,0,0,0,0,0,1,1,0,OR
802,1,1,1,1,1,1,1,0,1,0,0,0,1,1,OR
803,1,1,1,1,1,1,1,1,1,0,0,0,1,1,OR
804,1,1,1,1,1,1,1,0,1,0,0,1,1,1,OR
805,1,1,1,1,1,1,1,1,1,0,0,0,1,1,OR
806,1,1,1,1,1,1,1,0,1,0,0,1,1,1,OR
807,1,1,1,1,1,1,1,0,1,0,0,1,1,1,OR
808,1,1,1,1,1,1,1,1,1,0,0,1,1,1,OR
809,1,1,1,1,1,1,1,0,1,0,1,0,1,1,OR
810,1,1,1,1,1,1,1,0,1,0,0,1,1,1,OR
811,1,1,1,1,1,1,1,0,1,0,1,1,1,1,OR
812,1,1,1,1,1,1,1,1,1,0,0,1,1,1,OR
813,1,1,1,1,1,1,1,1,1,0,0,0,1,1,OR
814,1,1,1,1,1,1,1,1,1,0,0,1,1,1,OR
815,1,1,1,1,1,1,1,1,1,0,0,0,1,1,OR
816,1,1,1,1,1,1,1,1,1,0,0,0,1,1,OR
817,1,1,1,1,1,1,1,0,1,0,0,0,1,1,OR
818,1,1,1,1,1,1,1,0,1,0,0,1,1,1,OR
819,1,1,1,1,1,1,1,0,1,0,0,1,1,1,OR
820,1,1,1,1,1,1,1,1,1,0,0,1,1,1,OR
821,1,1,1,1,1,1,1,0,1,0,1,1,1,1,OR
822,1,1,1,1,1,1,1,1,1,0,0,1,1,1,OR
823,0,0,0,1,1,0,1,0,1,0,1,0,0,1,OR
824,1,1,1,1,1,1,1,1,1,0,1,1,1,1,OR
825,1,1,1,1,1,1,1,0,1,0,0,1,1,1,OR
826,1,1,1,1,1,1,1,1,1,0,0,1,1,1,OR
827,1,1,1,1,1,1,1,0,1,0,0,1,1,1,OR
828,1,1,1,1,1,1,1,1,1,0,0,1,1,1,OR
829,1,1,1,1,1,1,1,0,1,0,0,1,1,1,OR
830,1,1,0,0,1,0,0,1,0,0,0,1,0,1,OR
831,1,1,1,1,1,1,1,0,1,0,1,1,1,1,OPST
832,1,1,1,1,1,1,1,1,1,0,1,0,1,1,OR
833,1,1,1,1,1,1,1,0,1,0,1,0,1,1,OR
834,1,1,1,1,1,1,1,0,1,0,0,1,1,1,OR
835,1,1,1,1,1,1,1,1,1,0,0,1,1,1,OR
836,1,1,1,1,1,1,1,0,1,0,0,1,1,1,OR
837,1,1,1,1,1,1,1,0,1,0,0,1,1,1,OR
838,1,1,1,1,1,1,1,0,1,0,1,0,1,1,OR
839,1,1,1,1,1,1,1,1,1,0,0,1,1,1,OR
840,1,1,1,1,1,1,1,0,1,0,0,1,1,1,OR
841,1,1,1,1,1,1,1,0,1,0,0,1,1,1,OR
842,1,1,1,1,1,1,1,0,1,0,1,0,1,1,OR
843,1,1,1,1,1,1,1,1,1,0,0,1,1,1,OR
844,1,1,1,1,1,1,1,0,1,0,0,1,1,1,OR
845,1,1,1,1,1,1,1,1,1,0,0,0,1,1,OR
846,1,1,1,1,1,1,1,0,1,0,0,1,1,1,OR
847,1,1,1,1,1,1,1,0,1,0,0,0,1,1,OR
848,1,1,1,1,1,1,1,0,1,0,0,1,1,1,OR
849,1,1,1,1,1,1,1,0,1,0,0,1,1,1,OPST
850,1,1,1,1,1,1,1,1,1,0,0,0,1,1,OR
851,1,1,1,1,1,1,1,0,1,0,1,1,1,1,OR
852,1,1,1,1,1,1,1,0,1,0,0,0,1,1,OR
853,1,1,1,1,1,1,1,0,1,0,1,1,1,1,DDDGG
854,1,1,1,1,1,1,1,0,1,0,0,1,1,1,OR
855,1,1,1,1,1,1,1,0,1,0,1,0,1,1,OR
856,1,1,1,1,1,1,1,1,1,0,1,1,1,1,OR
857,1,1,1,1,1,1,1,0,1,0,1,0,1,1,OR
858,1,1,1,1,1,1,1,1,1,0,0,0,1,1,OR
859,1,1,1,1,1,1,1,1,1,0,0,0,1,1,OR
860,1,1,1,1,1,1,1,1,1,0,0,0,1,1,OR
861,1,1,1,1,1,1,1,1,1,0,0,1,1,1,OR
862,1,1,1,1,1,1,1,1,1,0,0,1,1,1,OR
863,1,1,1,1,1,1,1,1,1,0,0,1,1,1,OR
864,1,1,1,1,1,1,1,1,1,0,1,0,1,1,OR
865,1,1,1,1,1,1,1,1,1,0,1,0,1,1,OR
866,1,1,1,1,1,1,1,1,1,0,0,0,1,1,OR
867,1,1,1,1,1,1,1,1,1,0,0,1,1,1,OR
868,1,1,1,1,1,1,1,1,1,0,0,1,1,1,OR
869,1,1,1,1,1,1,1,1,1,0,0,1,1,1,OR
870,1,1,1,1,1,1,1,0,1,0,1,0,1,1,OR
871,1,1,1,1,1,1,1,0,1,0,0,1,1,1,OR
872,1,1,1,1,1,1,1,0,1,0,0,0,1,1,VL
873,1,1,1,1,1,1,1,1,1,0,0,0,1,1,OR
874,1,1,1,1,1,1,1,1,1,0,0,1,1,1,OR
875,1,1,1,1,1,1,1,0,1,0,0,1,1,1,OR
876,1,1,1,1,1,1,1,1,1,0,0,0,1,1,OR
877,1,1,1,1,1,1,1,0,1,0,0,0,1,1,OR
878,1,1,1,1,1,1,1,0,1,0,1,0,1,1,OR
879,1,1,1,1,1,1,1,0,1,0,0,1,1,1,OR
880,1,1,1,1,1,1,1,0,1,0,0,0,1,1,OR
881,1,1,1,1,1,1,1,0,1,0,1,0,1,1,OR
882,1,1,1,1,1,1,1,0,1,0,1,0,1,1,OR
883,1,1,1,1,1,1,1,1,1,0,0,1,1,1,OR
884,1,1,1,1,1,1,1,1,1,0,0,1,1,1,OR
885,1,1,1,1,1,1,1,1,1,0,0,1,1,1,OR
886,1,1,1,0,1,1,0,1,1,1,0,0,0,0,OR
887,1,1,1,1,1,1,1,0,1,0,0,1,1,1,OR
888,1,1,1,1,1,1,1,0,1,0,0,0,1,1,OR
889,1,1,1,1,1,1,1,1,1,0,1,0,1,1,OR
890,1,1,1,1,1,1,1,0,1,0,0,1,1,1,OR
891,1,1,1,1,1,1,1,0,1,0,0,1,1,1,OR
892,1,1,1,1,1,1,1,1,1,0,1,0,1,1,OR
893,1,1,1,1,1,1,1,1,1,0,1,0,1,1,OR
894,1,1,1,1,1,1,1,1,1,0,0,1,1,1,OR
895,1,1,1,1,1,1,1,0,1,0,1,1,1,1,VL
896,1,1,1,1,1,1,1,1,1,0,0,0,1,1,OR
897,1,1,1,1,1,1,1,0,1,0,0,1,1,1,OR
898,1,1,1,1,1,1,1,1,1,0,0,1,1,1,OR
899,1,1,1,1,1,1,1,0,1,0,0,1,1,1,OR
900,0,0,1,1,1,0,1,0,0,0,1,0,1,0,OR
901,1,1,1,1,1,1,1,1,1,0,0,1,1,1,OR
902,1,1,1,1,1,1,1,0,1,0,0,0,1,1,OR
903,1,1,1,1,1,1,1,1,1,0,0,1,1,1,OR
904,1,1,1,1,1,1,1,1,1,0,1,0,1,1,DDDGG
905,1,1,1,1,1,1,1,0,1,0,0,1,1,1,OR
906,1,1,1,1,1,1,1,0,1,0,0,1,1,1,OR
907,1,1,1,1,1,1,1,0,1,0,0,0,1,1,OR
908,1,1,1,1,1,1,1,0,1,0,0,0,1,1,OR
909,1,1,1,1,1,1,1,1,1,0,1,0,1,1,OR
910,1,1,1,1,1,1,1,0,1,0,0,1,1,1,OR
911,1,1,1,1,1,1,1,0,1,0,0,1,1,1,OR
912,1,1,1,1,1,1,1,0,1,0,1,1,1,1,OR
913,1,1,1,1,1,1,1,0,1,0,0,1,1,1,OR
914,1,1,1,1,1,1,1,0,1,0,1,0,1,1,OR
915,1,1,1,1,1,1,1,1,1,0,0,1,1,1,OR
916,1,1,1,1,1,1,1,1,1,0,0,1,1,1,OR
917,1,1,1,1,1,1,1,0,1,0,0,1,1,1,OR
918,1,1,1,1,1,1,1,0,1,0,0,1,1,1,OR
919,1,1,1,1,1,1,1,1,1,0,1,0,1,1,OR
920,1,1,1,1,1,1,1,1,1,0,0,0,1,1,OR
921,1,1,1,1,1,1,1,1,1,0,0,0,1,1,OR
922,1,1,1,1,1,1,1,1,1,1,1,0,1,1,OR
923,1,1,1,1,1,1,1,0,1,0,1,1,1,1,OPST
924,1,1,1,1,1,1,1,1,1,0,1,0,1,1,OR
925,1,1,1,1,1,1,1,0,1,1,1,0,1,1,OR
926,1,1,1,1,1,1,1,0,1,0,0,0,1,1,OR
927,1,1,1,1,1,1,1,0,1,0,0,1,1,1,OR
928,1,1,1,1,1,1,1,1,1,0,0,0,1,1,OR
929,1,1,1,1,1,1,1,1,1,0,0,1,1,1,OR
930,1,1,1,1,1,1,1,1,1,0,0,1,1,1,OR
931,1,1,1,1,1,1,1,1,1,0,0,1,1,1,OR
932,1,1,1,1,1,1,1,1,1,0,0,1,1,1,OR
933,1,1,1,1,1,1,1,1,1,0,0,0,1,1,OR
934,1,1,1,1,1,1,1,0,1,0,0,1,1,1,OR
935,1,1,1,1,1,1,1,1,1,0,0,1,1,1,OR
936,1,1,1,1,1,1,1,1,1,0,1,1,1,1,OPST
937,1,1,1,1,1,1,1,0,1,0,0,1,1,1,OR
938,1,1,1,1,1,1,1,1,1,0,1,0,1,1,OR
939,1,1,1,1,1,1,1,0,1,0,1,1,1,1,OR
940,1,1,1,1,1,1,1,0,1,0,0,1,1,1,OR
941,1,1,1,1,1,1,1,0,1,0,1,0,1,1,OR
942,1,1,1,1,1,1,1,0,1,0,0,1,1,1,OR
943,1,1,1,1,1,1,1,0,1,0,0,1,1,1,OR
944,1,1,1,1,1,1,1,0,1,0,0,0,1,1,OR
945,1,1,1,1,1,1,1,0,1,0,0,0,1,1,OR
946,1,0,0,1,0,0,1,1,0,0,0,1,0,0,OR
947,1,1,1,1,1,1,1,1,1,0,0,0,1,1,OR
948,1,1,1,1,1,1,1,0,1,0,1,0,1,1,OR
949,1,1,1,1,1,1,1,1,1,0,0,1,1,1,OR
950,1,1,1,1,1,1,1,0,1,0,0,1,1,1,OR
951,1,1,1,1,1,1,1,0,1,0,0,1,1,1,OR
952,1,1,1,1,1,1,1,1,1,0,1,0,1,1,OR
953,1,1,1,1,1,1,1,1,1,0,1,0,1,1,OR
954,1,1,1,1,1,1,1,0,1,0,0,1,1,1,OR
955,1,1,1,1,1,1,1,0,1,0,0,0,1,1,DDDGG
956,1,1,1,1,1,1,1,1,1,0,0,1,1,1,OR
957,1,1,1,1,1,1,1,0,1,0,1,0,1,1,OR
958,1,1,1,1,1,1,1,1,1,0,0,1,1,1,DDDGG
959,1,1,1,1,1,1,1,0,1,0,0,1,1,1,OR
960,1,1,1,1,1,1,1,1,1,0,1,0,1,1,DDDGG
961,1,1,1,1,1,1,1,1,1,0,0,0,1,1,OR
962,1,1,1,1,1,1,1,1,1,0,1,0,1,1,OR
963,1,1,1,1,1,1,1,0,1,0,0,1,1,1,OR
964,1,1,1,1,1,1,1,1,1,0,0,0,1,1,DDDGG
965,1,1,1,1,1,1,1,1,1,0,0,1,1,1,OR
966,1,0,1,0,1,0,0,1,1,0,0,1,1,0,OR
967,1,1,1,1,1,1,1,0,1,0,0,1,1,1,OR
968,1,1,1,1,1,1,1,1,1,0,0,1,1,1,OR
969,1,1,1,1,1,1,1,1,1,0,0,0,1,1,OR
970,1,1,1,1,1,1,1,1,1,0,0,1,1,1,DDDGG
971,1,1,1,1,1,1,1,1,1,0,1,0,1,1,DDDGG
972,0,0,1,1,0,0,1,0,0,1,0,1,1,1,DDDGG
973,1,1,1,1,1,1,1,1,1,0,0,1,1,1,DDDGG
974,0,0,0,1,0,0,1,1,1,0,0,1,1,0,OR
975,1,1,1,1,1,1,1,0,1,0,0,0,1,1,OR
976,1,1,1,1,1,1,1,1,1,0,1,0,1,1,OR
977,1,1,1,1,1,1,1,1,1,0,0,1,1,1,OR
978,1,1,1,1,1,1,1,0,1,0,0,1,1,1,OR
979,1,1,1,1,1,1,1,1,1,0,0,1,1,1,OR
980,1,1,1,1,1,1,1,0,1,0,0,1,1,1,OR
981,1,1,1,1,1,1,1,1,1,0,0,0,1,1,OR
982,1,1,1,1,1,1,1,0,1,0,1,1,1,1,OR
983,1,1,1,1,1,1,1,1,1,0,0,0,1,1,OR
984,1,1,1,1,1,1,1,1,1,0,0,0,1,1,OR
985,1,1,1,1,1,1,1,1,1,0,0,0,1,1,OR
986,1,1,1,1,1,1,1,1,1,0,0,1,1,1,OR
987,1,1,1,1,1,1,1,1,1,0,0,0,1,1,OR
988,1,1,1,1,1,1,1,0,1,0,1,0,1,1,OR
989,1,1,1,1,1,1,1,1,1,0,0,0,1,1,OR
990,1,1,1,1,1,1,1,1,1,0,0,0,1,1,OR
991,1,1,1,1,1,1,1,1,1,0,1,0,1,1,OR
992,1,1,1,1,1,1,1,0,1,0,0,1,1,1,OR
993,1,1,1,1,1,1,1,1,1,0,0,1,1,1,OR
994,1,1,1,1,1,1,1,0,1,0,0,0,1,1,OR
995,1,1,1,1,1,1,1,0,1,0,0,1,1,1,OR
996,1,1,1,1,1,1,1,1,1,0,0,0,1,1,OR
997,1,1,1,1,1,1,1,0,1,0,0,1,1,1,OR
998,1,1,1,1,1,1,1,1,1,0,0,1,1,1,OR
999,1,1,1,1,1,1,1,0,1,0,0,1,1,1,OR
1000,1,1,1,1,1,1,1,1,1,0,1,1,1,1,OR
1001,1,1,1,1,1,1,1,0,1,0,0,0,1,1,OR
1002,1,1,1,1,1,1,1,0,1,0,0,1,1,1,OR
1003,1,1,1,1,1,1,1,1,1,0,0,0,1,1,OR
1004,1,1,1,1,1,1,1,1,1,0,0,0,1,1,OR
1005,1,1,1,1,1,1,1,0,1,1,0,1,1,1,OR
1006,1,1,1,1,1,1,1,0,1,0,0,0,1,1,OR
1007,1,1,1,1,1,1,1,1,1,0,0,0,1,1,OR
1008,1,1,1,1,1,1,1,0,1,0,0,0,1,1,OR
1009,0,0,1,1,1,0,1,0,0,0,0,0,1,1,OR
1010,1,1,1,1,1,1,1,1,1,0,0,0,1,1,OR
1011,1,1,1,1,1,1,1,1,1,0,0,0,1,1,OR
1012,1,0,0,1,0,0,0,1,0,1,0,1,0,0,OR
1013,1,1,1,1,1,1,1,0,1,0,0,1,1,1,OR
1014,1,1,1,1,1,1,1,0,1,0,0,0,1,1,OR
1015,1,1,1,1,1,1,1,1,1,0,1,0,1,1,OR
1016,1,1,1,1,1,1,1,1,1,0,0,1,1,1,OR
1017,1,1,1,1,1,1,1,0,1,0,0,0,1,1,OR
1018,1,1,1,1,1,1,1,0,1,0,0,0,1,1,OR
1019,1,1,1,1,1,1,1,1,1,0,0,0,1,1,OR
1020,1,1,1,1,1,1,1,0,1,0,0,0,1,1,OR
1021,1,1,1,1,1,1,1,0,1,0,0,0,1,1,OR
1022,1,1,1,1,1,1,1,1,1,0,0,0,1,1,OR
1023,1,1,1,1,1,1,1,1,1,0,0,0,1,1,OR
1024,1,1,1,1,1,1,1,1,1,0,0,0,1,1,OR
1025,1,1,1,1,1,1,1,1,1,0,0,0,1,1,OR
1026,1,1,1,1,1,1,1,0,1,0,1,0,1,1,OR
1027,1,1,1,1,1,1,1,0,1,0,1,0,1,1,OR
1028,1,1,1,1,1,1,1,0,1,0,1,0,1,1,OR
1029,1,1,1,1,1,1,1,0,1,0,0,0,1,1,OR
1030,1,1,1,1,1,1,1,0,1,0,1,0,1,1,OR
1031,1,1,1,1,1,1,1,1,1,0,1,0,1,1,OR
1032,1,1,1,1,1,1,1,1,1,0,0,0,1,1,OR
1033,1,1,1,1,1,1,1,1,1,0,1,0,1,1,OR
1034,1,1,1,1,1,1,1,0,1,0,0,0,1,1,OR
1035,1,1,1,1,1,1,1,0,1,0,1,0,1,1,OR
1036,1,1,1,1,1,1,1,1,1,0,1,0,1,1,OR
1037,1,1,1,1,1,1,1,0,1,0,0,1,1,1,OR
1038,1,1,1,1,1,1,1,1,1,0,0,1,1,1,OR
1039,1,1,1,1,1,1,1,0,1,0,0,0,1,1,OR
1040,1,1,1,1,1,1,1,1,1,0,1,0,1,1,OR
1041,1,1,1,1,1,1,1,1,1,0,1,0,1,1,OR
1042,1,1,1,1,1,1,1,0,1,1,1,0,1,1,OR
1043,1,1,1,1,1,1,1,0,1,0,0,0,1,1,OR
1044,1,1,1,1,1,1,1,0,1,0,0,0,1,1,OR
1045,1,1,1,1,1,1,1,1,1,0,1,0,1,1,OR
1046,1,1,1,1,1,1,1,1,1,0,0,1,1,1,OR
1047,1,1,1,1,1,1,1,1,1,0,0,0,1,1,OR
1048,1,1,1,1,1,1,1,1,1,0,0,0,1,1,OR
1049,1,1,1,1,1,1,1,0,1,0,1,0,1,1,OR
1050,1,1,1,1,1,1,1,1,1,0,0,0,1,1,OR
1051,1,1,1,1,1,1,1,0,1,0,0,0,1,1,OR
1052,1,1,1,1,1,1,1,0,1,0,0,0,1,1,OR
1053,0,1,0,0,1,1,0,0,1,1,1,0,0,1,OR
1054,1,1,1,1,1,1,1,1,1,0,0,0,1,1,OR
1055,0,1,0,1,0,1,1,0,1,0,0,0,1,1,OR
1056,0,1,0,1,1,1,0,1,1,0,0,0,1,0,OR
1057,1,1,1,1,1,1,1,1,1,0,0,0,1,1,OR
1058,1,1,1,1,1,1,1,0,1,0,0,0,1,1,OR
1059,1,1,1,0,1,0,0,0,1,0,1,0,0,0,OR
1060,1,0,0,0,0,1,1,1,1,1,0,0,0,1,OR
1061,1,1,1,1,1,1,1,1,1,0,1,0,1,1,OR
1062,0,0,1,0,1,0,0,1,1,0,0,0,0,0,OR
1063,1,1,1,1,1,1,1,1,1,0,0,0,1,1,OR
1064,1,1,1,1,1,1,1,1,1,0,1,0,1,1,OR
1065,1,1,1,1,1,1,1,0,1,0,0,0,1,1,OR
1066,1,1,1,1,1,1,1,0,1,0,0,0,1,1,OR
1067,1,0,0,1,0,1,0,0,1,0,0,0,1,1,OR
1068,1,1,1,1,1,1,1,0,1,0,1,0,1,1,OR
1069,1,1,1,1,1,1,1,0,1,0,0,0,1,1,OR
1070,1,1,1,1,1,1,1,0,1,0,0,0,1,1,OR
1071,1,1,1,1,1,1,1,0,1,0,1,0,1,1,OR
1072,1,1,1,1,1,1,1,1,1,0,1,0,1,1,OR
1073,1,1,1,1,1,1,1,1,1,0,1,0,1,1,OR
1074,1,1,1,1,1,1,1,1,1,0,0,0,1,1,OR
1075,1,1,1,1,1,1,1,0,1,0,1,0,1,1,OR
1076,1,1,1,1,1,1,1,1,1,0,1,0,1,1,OR
1077,1,1,1,1,1,1,1,0,1,0,0,0,1,1,OR
1078,1,1,1,1,1,1,1,1,1,0,0,0,1,1,OR
1079,1,1,1,1,1,1,1,0,1,0,0,0,1,1,OR
1080,1,1,1,1,1,1,1,1,1,0,1,0,1,1,OR
1081,1,1,1,1,1,1,1,1,1,0,0,0,1,1,OR
1082,0,0,1,1,0,0,1,0,1,1,1,0,0,0,OR
1083,1,1,1,1,1,1,1,0,1,0,1,0,1,1,OR
1084,1,1,1,1,1,1,1,1,1,0,1,0,1,1,OR
1085,1,0,1,0,0,1,0,1,1,1,0,0,0,1,OR
1086,1,1,0,0,0,1,0,1,1,1,0,0,0,1,OR
1087,1,1,1,1,1,1,1,0,1,0,0,0,1,1,OR
1088,1,1,1,1,1,1,1,1,1,0,0,0,1,1,OR
1089,1,1,1,1,1,1,1,1,1,0,0,0,1,1,OR
1090,1,1,1,1,1,1,1,0,1,0,0,0,1,1,OR
1091,0,1,0,0,1,1,1,1,1,0,0,0,0,0,OR
1092,1,1,1,1,1,1,1,0,1,0,0,0,1,1,OR
1093,1,1,1,1,1,1,1,1,1,0,1,0,1,1,OR
1094,1,1,1,1,1,1,1,1,1,0,0,0,1,1,OR
1095,1,0,1,1,0,0,0,1,1,0,0,0,0,0,OR
1096,1,1,1,1,1,1,1,1,1,0,0,0,1,1,OR
1097,1,1,1,1,1,1,1,1,1,0,0,0,1,1,OR
1098,1,1,1,1,1,1,1,0,1,0,0,0,1,1,OR
1099,1,1,1,1,1,1,1,0,1,0,0,0,1,1,OR
1100,1,1,1,1,1,1,1,0,1,0,0,0,1,1,OR
1101,1,1,1,1,1,1,1,1,1,0,1,0,1,1,OR
1102,1,1,1,1,1,1,1,0,1,0,0,0,1,1,OR
1103,1,1,1,1,1,1,1,0,1,0,0,0,1,1,OR
1104,1,1,1,1,1,1,1,1,1,0,1,0,1,1,OR
1105,1,0,1,0,0,0,0,1,1,1,0,0,0,0,OR
1106,1,1,1,1,1,1,1,1,1,0,1,0,1,1,OR
1107,1,1,1,1,1,1,1,0,1,0,1,0,1,1,OR
1108,1,1,1,1,1,1,1,0,1,0,0,0,1,1,OR
1109,1,1,1,1,1,1,1,0,1,0,0,0,1,1,OR
1110,1,1,1,1,1,1,1,0,1,0,0,1,1,1,OR
1111,1,1,1,1,1,1,1,0,1,0,0,0,1,1,OR
1112,1,1,1,1,1,1,1,1,1,0,1,0,1,1,OR
1113,1,1,1,1,1,1,1,1,1,0,0,0,1,1,OR
1114,1,1,1,1,1,1,1,1,1,0,1,0,1,1,OR
1115,1,1,1,1,1,1,1,0,1,0,0,0,1,1,OR
1116,1,1,1,1,1,1,1,0,1,0,0,0,1,1,OR
1117,1,1,1,1,1,1,1,1,1,0,1,0,1,1,OR
1118,1,1,1,1,1,1,1,1,1,0,0,0,1,1,OR
1119,1,1,1,1,1,1,1,0,1,0,0,1,1,1,OR
1120,1,1,1,1,1,1,1,0,1,0,1,0,1,1,OR
1121,1,1,1,1,1,1,1,0,1,0,0,0,1,1,OR
1122,1,1,1,1,1,1,1,1,1,0,1,0,1,1,OR
1123,1,1,1,1,1,1,1,1,1,0,1,0,1,1,OR
1124,1,1,1,1,1,1,1,1,1,0,0,0,1,1,DDDGG
1125,1,1,1,1,1,1,1,1,1,0,0,0,1,1,OR
1126,1,1,1,1,1,1,1,0,1,0,1,0,1,1,OR
1127,1,1,1,1,1,1,1,1,1,0,1,0,1,1,OR
1128,1,1,1,1,1,1,1,0,1,0,1,0,1,1,OR
1129,1,0,0,0,0,0,1,1,1,0,1,0,0,1,OR
1130,1,1,0,0,1,1,0,0,1,1,1,0,0,1,OR
1131,1,1,1,1,1,1,1,1,1,0,0,1,1,1,OR
1132,1,1,1,1,1,1,1,0,1,0,1,0,1,1,OR
1133,1,1,1,1,1,1,1,1,1,0,0,0,1,1,VL
1134,1,1,1,1,1,1,1,1,1,0,1,0,1,1,OR
1135,1,1,1,1,1,1,1,0,1,0,0,0,1,1,OR
1136,1,1,1,1,1,1,1,1,1,0,0,0,1,1,OR
1137,1,1,1,1,1,1,1,0,1,0,0,1,1,1,OR
1138,1,1,1,1,1,1,1,1,1,0,1,0,1,1,OR
1139,1,1,1,1,1,1,1,0,1,0,1,0,1,1,OR
1140,1,1,1,1,1,1,1,1,1,0,1,0,1,1,OR
1141,1,1,1,1,1,1,1,0,1,0,0,0,1,1,OR
1142,1,1,1,1,1,1,1,1,1,0,1,0,1,1,OR
1143,1,1,1,1,1,1,1,1,1,0,1,0,1,1,OR
1144,1,1,1,1,1,1,1,1,1,0,0,0,1,1,OR
1145,1,1,1,1,1,1,1,1,1,0,0,0,1,1,OR
1146,1,1,1,1,1,1,1,0,1,0,0,0,1,1,OR
1147,0,0,1,0,1,0,0,0,1,1,0,0,0,0,OR
1148,1,1,1,1,1,1,1,0,1,0,0,0,1,1,OR
1149,1,1,1,1,1,1,1,1,1,0,0,0,1,1,OR
1150,1,1,1,1,1,1,1,1,1,0,1,0,1,1,OR
1151,1,1,1,1,1,1,1,0,1,0,1,0,1,1,OR
1152,1,1,0,1,1,0,0,1,1,0,1,0,0,1,OR
1153,1,1,1,1,1,1,1,0,1,0,1,0,1,1,OR
1154,1,1,1,1,1,1,1,1,1,0,1,0,1,1,OR
1155,1,1,1,1,1,1,1,0,1,0,1,0,1,1,OR
1156,1,1,1,1,1,1,1,0,1,0,1,0,1,1,OR
1157,1,1,1,1,1,1,1,0,1,0,0,0,1,1,OR
1158,1,1,1,1,1,1,1,0,1,0,1,0,1,1,OR
1159,1,1,1,1,1,1,1,1,1,0,0,0,1,1,OR
1160,1,1,1,1,1,1,1,1,1,0,1,0,1,1,OR
1161,1,1,1,1,1,1,1,1,1,0,0,0,1,1,OR
1162,1,1,1,1,1,1,1,1,1,0,1,0,1,1,OR
1163,1,1,1,1,1,1,1,0,1,0,0,0,1,1,OR
1164,1,1,1,1,1,1,1,0,1,0,0,0,1,1,OR
1165,1,1,1,1,1,1,1,1,1,0,1,0,1,1,OR
1166,1,1,1,1,1,1,1,1,1,0,1,0,1,1,OR
1167,1,1,1,1,1,1,1,1,1,0,0,0,1,1,OR
1168,1,1,1,1,1,1,1,1,1,0,0,1,1,1,OR
1169,1,1,1,1,1,1,1,0,1,0,0,0,1,1,OR
1170,1,1,1,1,1,1,1,0,1,0,0,1,1,1,OR
1171,1,1,1,1,1,1,1,1,1,0,0,0,1,1,OR
1172,1,1,1,1,1,1,1,0,1,0,0,0,1,1,OR
1173,1,1,1,1,1,1,1,1,1,0,1,0,1,1,OR
1174,1,1,1,1,1,1,1,1,1,0,0,0,1,1,OR
1175,1,1,1,1,1,1,1,1,1,0,0,0,1,1,OR
1176,1,1,1,1,1,1,1,1,1,0,1,0,1,1,OR
1177,1,1,1,1,1,1,1,0,1,0,1,0,1,1,OR
1178,1,1,1,1,1,1,1,0,1,0,1,0,1,1,OR
1179,1,0,0,1,0,1,1,0,0,1,0,1,0,1,OR
1180,1,1,1,1,1,1,1,0,1,0,1,0,1,1,OR
1181,1,1,1,1,1,1,1,1,1,0,1,0,1,1,OR
1182,1,1,1,1,1,1,1,0,1,0,0,0,1,1,OR
1183,1,1,1,1,1,1,1,1,1,0,1,0,1,1,OR
1184,1,1,1,1,1,1,1,0,1,0,1,0,1,1,OR
1185,1,1,1,1,1,1,1,1,1,0,0,1,1,1,OR
1186,1,1,1,1,1,1,1,0,1,0,0,0,1,1,OR
1187,1,1,1,1,1,1,1,0,1,0,0,0,1,1,OR
1188,1,1,1,1,1,1,1,0,1,0,1,0,1,1,OR
1189,1,1,1,1,1,1,1,0,1,0,0,0,1,1,OR
1190,1,1,1,1,1,1,1,1,1,0,0,0,1,1,OR
1191,1,1,1,1,1,1,1,1,1,0,0,0,1,1,OR
1192,1,1,1,1,1,1,1,1,1,0,0,0,1,1,OR
1193,1,1,1,1,1,1,1,0,1,0,0,0,1,1,OR
1194,1,1,1,1,1,1,1,1,1,0,0,0,1,1,OR
1195,1,1,1,1,1,1,1,0,1,1,0,0,1,1,OR
1196,0,1,0,0,0,1,0,0,1,1,0,0,1,0,OR
1197,1,1,1,1,1,1,1,1,1,0,0,0,1,1,OR
1198,1,0,0,1,0,1,0,0,1,0,0,0,1,0,OR
1199,0,0,0,0,1,1,0,1,1,1,0,0,1,1,OR
1200,1,1,1,1,1,1,1,0,1,0,1,0,1,1,OR
1201,1,1,1,1,1,1,1,0,1,0,0,0,1,1,DDDGG
1202,1,1,1,1,1,1,1,1,1,0,1,0,1,1,OR
1203,1,1,1,1,1,1,1,0,1,0,0,0,1,1,OR
1204,1,1,1,1,1,1,1,0,1,0,0,0,1,1,OR
1205,1,1,1,1,1,1,1,1,1,0,1,0,1,1,OR
1206,1,1,1,1,1,1,1,1,1,0,0,1,1,1,OR
1207,1,1,1,1,1,1,1,1,1,0,1,0,1,1,OR
1208,1,1,1,1,1,1,1,0,1,0,0,0,1,1,OR
1209,1,1,1,1,1,1,1,0,1,0,0,0,1,1,OR
1210,1,1,1,1,1,1,1,0,1,0,0,0,1,1,OR
1211,1,1,1,1,1,1,1,1,1,0,0,0,1,1,OR
1212,0,1,1,0,0,0,0,1,0,0,1,0,0,0,OR
1213,1,1,1,1,1,1,1,0,1,0,0,0,1,1,OR
1214,1,1,1,1,1,1,1,0,1,0,0,1,1,1,OR
1215,1,1,1,1,1,1,1,0,1,0,0,0,1,1,OR
1216,1,1,1,1,1,1,1,0,1,0,1,0,1,1,OR
1217,1,1,1,1,1,1,1,1,1,0,1,0,1,1,OR
1218,1,1,1,1,1,1,1,1,1,0,1,0,1,1,OR
1219,1,0,0,0,1,0,1,0,0,0,0,1,0,1,OR
1220,1,1,1,1,1,1,1,1,1,0,0,1,1,1,OR
1221,1,1,1,1,1,1,1,1,1,0,0,0,1,1,OR
1222,1,1,1,1,1,1,1,1,1,0,0,1,1,1,OR
1223,1,1,1,1,1,1,1,0,1,0,0,0,1,1,OR
1224,1,1,1,1,1,1,1,0,1,0,1,0,1,1,OR
1225,1,0,0,1,1,1,0,0,1,1,0,0,1,0,OR
1226,1,1,1,1,1,1,1,0,1,1,1,0,1,1,OR
1227,1,1,1,1,1,1,1,1,1,0,0,0,1,1,OR
1228,0,0,0,1,0,1,0,1,0,1,1,0,1,1,OR
1229,1,1,1,1,1,1,1,0,1,0,1,0,1,1,OR
1230,1,1,1,1,1,1,1,0,1,0,0,1,1,1,OR
1231,1,1,1,1,1,1,1,0,1,0,0,1,1,1,OR
1232,1,1,1,1,1,1,1,0,1,0,1,0,1,1,OPST
1233,1,1,1,1,1,1,1,1,1,0,0,1,1,1,OR
1234,1,1,1,1,1,1,1,0,1,0,0,1,1,1,OR
1235,1,1,1,1,1,1,1,1,1,0,0,0,1,1,OR
1236,1,1,1,1,1,1,1,1,1,0,0,1,1,1,OR
1237,1,1,1,1,1,1,1,0,1,0,1,0,1,1,OR
1238,1,1,0,0,0,0,0,0,0,0,1,1,0,0,OR
1239,1,1,1,1,1,1,1,1,1,0,0,1,1,1,OR
1240,1,0,0,0,1,1,1,0,0,1,0,1,1,0,OR
1241,1,1,1,1,1,1,1,0,1,0,0,1,1,1,OR
1242,1,1,1,1,1,1,1,0,1,0,0,0,1,1,OR
1243,1,1,1,1,1,1,1,0,1,0,0,0,1,1,OR
1244,1,1,1,1,1,1,1,0,1,0,0,1,1,1,OR
1245,1,1,1,1,1,1,1,0,1,0,0,1,1,1,OR
1246,1,1,1,1,1,1,1,1,1,0,0,1,1,1,OR
1247,1,1,1,1,1,1,1,0,1,0,0,1,1,1,OR
1248,1,1,1,1,1,1,1,1,1,0,0,1,1,1,OR
1249,1,1,1,1,1,1,1,1,1,0,0,1,1,1,OR
1250,1,1,1,1,1,1,1,1,1,0,1,0,1,1,OR
1251,1,1,1,1,1,1,1,0,1,0,1,1,1,1,OR
1252,1,1,1,1,1,1,1,0,1,0,0,1,1,1,OR
1253,1,1,1,1,1,1,1,1,1,0,0,1,1,1,OR
1254,1,1,1,1,1,1,1,0,1,0,0,1,1,1,OR
1255,1,1,1,1,1,1,1,1,1,0,1,1,1,1,OR
1256,1,1,1,1,1,1,1,1,1,0,0,1,1,1,OR
1257,1,1,1,1,1,1,1,1,1,0,0,0,1,1,OR
1258,1,0,0,0,0,1,0,1,0,0,0,1,0,0,OR
1259,0,0,1,1,0,0,1,0,0,0,0,0,0,1,OR
1260,1,1,1,1,1,1,1,0,1,0,1,0,1,1,DDDGG
1261,1,1,0,0,1,0,0,1,0,1,0,1,0,0,OR
1262,1,1,1,1,1,1,1,0,1,0,0,1,1,1,OR
1263,1,1,1,1,1,1,1,0,1,0,0,1,1,1,OR
1264,1,1,1,1,1,1,1,1,1,0,1,0,1,1,OR
