host_personality_no,smoke,pet,clean,daytime,nighttime,extrovert,introvert,cold,hot,no_touch
1,1,0,1,0,1,0,1,1,1,0
2,0,0,1,0,1,1,0,1,0,1
3,1,1,1,0,1,0,1,0,0,0
4,1,0,0,0,1,1,0,0,0,0
5,0,0,0,0,1,0,1,1,0,1
6,0,1,1,1,0,1,0,0,1,1
7,0,0,0,1,0,0,1,1,0,1
8,1,0,1,0,1,1,0,0,1,0
9,0,1,1,0,1,1,0,0,0,1
10,0,0,0,0,1,0,1,1,1,1
11,0,0,0,1,0,0,1,1,0,1
12,1,1,0,1,0,0,1,0,0,1
13,0,0,0,1,0,0,1,1,1,1
14,1,0,0,0,1,0,1,1,0,0
15,1,0,1,0,1,1,0,0,0,1
16,0,0,1,0,1,1,0,1,0,0
17,0,0,0,0,1,0,1,1,1,0
18,0,1,0,0,1,1,0,1,1,1
19,0,0,1,1,0,1,0,1,0,0
20,0,0,1,0,1,0,1,1,1,0
21,1,1,1,1,0,0,1,0,0,0
22,0,0,0,1,0,0,1,0,0,0
23,1,1,0,1,0,0,1,0,0,1
24,0,0,0,0,1,0,1,1,1,1
25,0,1,1,1,0,0,1,0,1,0
26,0,0,0,0,1,1,0,0,0,1
27,0,1,1,0,1,0,1,0,0,0
28,1,0,0,1,0,0,1,1,0,0
29,0,0,1,0,1,1,0,0,0,0
30,1,0,0,0,1,0,1,1,1,1
31,0,1,0,1,0,1,0,1,1,1
32,0,1,1,0,1,1,0,0,1,1
33,0,1,0,1,0,1,0,0,1,1
34,0,1,0,0,1,1,0,1,1,1
35,1,0,0,1,0,0,1,1,0,1
36,0,0,1,1,0,0,1,0,0,0
37,1,0,1,0,1,0,1,1,1,1
38,0,0,0,0,1,0,1,0,1,0
39,1,0,1,1,0,0,1,1,0,1
40,0,0,0,1,0,0,1,1,1,1
41,0,1,0,1,0,0,1,0,1,0
42,0,0,1,1,0,0,1,1,1,0
43,0,1,0,1,0,1,0,1,0,1
44,1,0,0,0,1,1,0,1,1,1
45,0,1,1,1,0,1,0,0,0,0
46,1,1,0,0,1,0,1,1,1,1
47,1,1,1,0,1,0,1,1,1,1
48,0,0,1,1,0,1,0,1,0,1
49,0,1,1,1,0,1,0,1,1,1
50,0,0,0,1,0,1,0,0,0,0
51,1,0,1,0,1,0,1,1,1,0
52,1,1,0,1,0,1,0,0,0,1
53,1,0,1,1,0,1,0,1,0,0
54,0,1,1,1,0,0,1,1,1,1
55,1,1,1,1,0,0,1,0,1,1
56,1,0,0,1,0,0,1,1,1,0
57,0,1,0,1,0,0,1,0,1,1
58,0,0,0,1,0,0,1,1,1,0
59,0,0,1,0,1,1,0,0,0,1
60,1,0,0,1,0,1,0,0,0,1
61,1,1,0,1,0,0,1,0,0,0
62,0,1,1,1,0,0,1,0,0,1
63,0,1,1,1,0,0,1,1,0,0
64,1,1,0,1,0,1,0,1,0,0
65,0,1,1,1,0,0,1,0,1,1
66,0,0,1,0,1,0,1,1,1,0
67,0,0,1,0,1,0,1,1,0,0
68,0,1,0,1,0,1,0,1,1,0
69,0,1,0,1,0,1,0,0,1,1
70,1,1,0,0,1,0,1,1,1,0
71,0,1,0,0,1,0,1,0,0,0
72,0,0,0,0,1,1,0,0,0,0
73,0,1,1,0,1,1,0,1,1,1
74,1,1,1,0,1,0,1,0,1,0
75,0,0,1,0,1,1,0,1,1,1
76,0,1,0,0,1,0,1,1,0,1
77,0,1,1,1,0,1,0,1,0,1
78,1,1,0,0,1,0,1,1,0,0
79,0,0,0,0,1,0,1,0,1,1
80,0,0,1,0,1,0,1,1,1,0
81,0,0,1,0,1,1,0,1,0,0
82,0,0,0,1,0,1,0,1,1,0
83,1,0,1,0,1,1,0,1,1,1
84,0,0,1,1,0,0,1,0,0,0
85,1,0,1,1,0,0,1,1,0,1
86,1,1,1,0,1,1,0,1,1,0
87,0,0,1,1,0,0,1,1,0,0
88,1,1,0,0,1,0,1,1,0,1
89,1,1,1,1,0,0,1,0,0,0
90,0,1,0,0,1,1,0,1,1,0
91,1,0,1,0,1,1,0,0,0,0
92,1,0,0,0,1,1,0,1,0,1
93,0,0,1,0,1,0,1,1,0,0
94,1,1,1,1,0,0,1,0,0,1
95,0,1,0,0,1,1,0,1,1,0
96,0,0,0,0,1,0,1,1,0,1
97,0,1,0,1,0,0,1,0,0,1
98,0,0,0,0,1,0,1,1,0,1
99,0,0,0,1,0,0,1,1,0,1
100,1,0,0,0,1,0,1,1,0,1
101,0,0,1,0,1,1,0,1,0,1
102,1,1,1,1,0,1,0,0,0,0
103,1,1,1,1,0,1,0,1,0,0
104,1,1,0,1,0,0,1,1,1,0
105,0,0,1,0,1,0,1,1,1,1
106,1,1,1,0,1,1,0,1,1,0
107,0,1,1,0,1,0,1,1,1,1
108,0,0,0,1,0,0,1,1,0,1
109,0,1,1,0,1,1,0,0,0,0
110,1,0,1,0,1,1,0,0,1,0
111,0,1,0,0,1,1,0,0,1,0
112,1,1,0,0,1,0,1,1,0,0
113,1,1,0,0,1,0,1,0,1,0
114,0,1,1,1,0,0,1,0,0,1
115,1,1,0,1,0,0,1,1,0,1
116,1,1,1,1,0,1,0,0,1,0
117,1,1,1,0,1,0,1,0,1,1
118,1,1,1,1,0,1,0,0,0,1
119,0,1,1,1,0,0,1,0,0,1
120,1,1,1,0,1,0,1,0,0,0
121,1,1,1,0,1,1,0,0,1,0
122,0,1,1,0,1,1,0,1,0,0
123,1,0,0,0,1,0,1,1,1,1
124,1,1,0,0,1,0,1,1,1,1
125,1,1,0,0,1,0,1,0,1,0
126,1,0,1,1,0,0,1,1,0,0
127,0,1,0,0,1,1,0,1,0,0
128,1,1,1,1,0,1,0,1,1,0
129,0,0,0,0,1,1,0,1,1,0
130,1,0,1,1,0,0,1,1,0,0
131,0,0,1,0,1,0,1,0,1,0
132,0,1,0,0,1,0,1,0,0,1
133,1,0,0,1,0,0,1,1,1,0
134,1,0,1,1,0,1,0,0,1,0
135,0,1,1,1,0,1,0,1,0,0
136,0,0,0,0,1,0,1,0,0,0
137,1,0,0,1,0,0,1,1,0,1
138,1,0,0,0,1,1,0,1,1,1
139,1,0,0,1,0,1,0,0,0,1
140,0,1,0,1,0,0,1,0,0,0
141,1,1,1,0,1,0,1,0,1,0
142,0,1,0,0,1,0,1,1,1,1
143,0,1,0,1,0,1,0,0,1,0
144,1,1,1,0,1,1,0,1,1,1
145,0,0,1,0,1,0,1,1,0,0
146,0,1,1,1,0,0,1,0,0,1
147,1,1,1,0,1,1,0,1,0,0
148,0,1,0,1,0,1,0,1,0,1
149,1,1,1,1,0,1,0,1,1,1
150,0,0,0,0,1,0,1,1,0,0
151,0,1,0,0,1,0,1,0,0,1
152,0,0,1,0,1,1,0,0,0,0
153,0,0,1,0,1,0,1,0,1,1
154,1,1,0,1,0,1,0,1,0,1
155,0,1,1,0,1,1,0,0,0,0
156,0,0,0,1,0,0,1,0,0,0
157,1,1,0,1,0,1,0,0,1,0
158,0,1,1,1,0,0,1,0,1,0
159,1,0,1,1,0,1,0,0,0,1
160,0,1,0,0,1,1,0,1,0,0
161,0,0,1,0,1,1,0,0,1,0
162,1,0,1,1,0,0,1,0,0,0
163,1,0,0,0,1,0,1,1,1,0
164,1,0,1,1,0,0,1,1,0,0
165,0,1,1,0,1,1,0,1,0,0
166,0,0,0,1,0,0,1,1,0,1
167,0,0,1,1,0,1,0,0,1,0
168,1,0,0,0,1,0,1,0,0,1
169,1,0,1,0,1,1,0,1,1,0
170,0,0,1,0,1,0,1,0,1,1
171,1,1,1,1,0,1,0,1,0,1
172,1,0,0,0,1,0,1,0,1,1
173,0,1,1,0,1,0,1,1,0,0
174,0,0,0,0,1,1,0,0,0,1
175,0,0,0,0,1,1,0,0,1,1
176,0,0,1,1,0,0,1,1,0,1
177,1,0,0,1,0,0,1,0,1,0
178,1,1,1,1,0,1,0,0,0,0
179,1,1,1,0,1,0,1,0,1,0
180,0,1,0,1,0,1,0,0,1,1
181,1,1,0,0,1,0,1,0,0,0
182,1,0,1,1,0,1,0,1,1,0
183,1,0,0,1,0,1,0,0,0,1
184,1,1,0,1,0,0,1,0,0,1
185,0,1,0,0,1,0,1,0,1,0
186,0,0,0,0,1,1,0,0,1,1
187,1,0,1,1,0,0,1,1,0,1
188,0,0,0,1,0,1,0,0,1,1
189,1,1,0,1,0,0,1,1,0,0
190,1,1,0,1,0,1,0,0,0,0
191,0,0,0,0,1,1,0,0,1,1
192,0,0,0,0,1,1,0,1,1,0
193,0,1,0,1,0,0,1,1,0,0
194,0,0,1,1,0,1,0,0,0,0
195,1,1,0,0,1,0,1,0,0,0
196,0,0,0,0,1,0,1,0,1,0
197,1,1,0,0,1,1,0,1,1,0
198,1,0,1,1,0,0,1,0,1,0
199,1,0,0,1,0,0,1,0,1,1
200,0,0,1,0,1,0,1,1,0,0
201,0,0,0,0,1,1,0,0,0,1
202,0,1,0,0,1,0,1,0,1,0
203,1,0,1,0,1,1,0,1,1,1
204,0,0,1,0,1,0,1,0,0,1
205,1,0,1,1,0,1,0,1,1,0
206,0,0,1,0,1,1,0,1,1,0
207,1,1,1,1,0,1,0,0,0,1
208,0,0,1,0,1,1,0,0,0,0
209,0,1,0,1,0,1,0,1,1,0
210,0,0,1,1,0,1,0,1,0,1
211,0,1,0,0,1,0,1,0,1,1
212,1,1,0,0,1,1,0,0,0,1
213,1,0,1,0,1,1,0,0,0,1
214,0,0,1,0,1,1,0,0,0,1
215,1,1,0,1,0,1,0,1,0,1
216,1,0,0,0,1,0,1,0,0,1
217,1,0,1,1,0,1,0,0,1,1
218,1,1,1,0,1,1,0,1,1,1
219,0,1,0,0,1,1,0,0,0,1
220,1,1,0,1,0,0,1,0,0,1
221,0,0,1,0,1,1,0,1,0,1
222,1,1,0,1,0,0,1,1,0,1
223,0,0,0,0,1,0,1,1,1,1
224,1,0,1,1,0,1,0,0,0,0
225,1,1,1,1,0,1,0,0,0,0
226,1,0,0,1,0,1,0,1,0,0
227,0,1,0,0,1,1,0,1,0,1
228,0,1,0,0,1,1,0,1,0,0
229,1,1,0,0,1,1,0,0,1,1
230,0,0,1,0,1,1,0,1,1,1
231,1,0,1,1,0,1,0,0,0,0
232,0,1,1,0,1,0,1,0,1,0
233,0,0,0,1,0,0,1,1,0,0
234,1,0,0,0,1,0,1,0,1,0
235,0,1,1,1,0,1,0,1,1,0
236,0,0,1,1,0,1,0,0,0,1
237,1,0,0,1,0,1,0,1,1,1
238,0,1,1,0,1,0,1,1,1,1
239,0,1,1,0,1,1,0,1,1,1
240,0,0,0,1,0,1,0,1,0,1
241,0,0,1,0,1,1,0,1,1,0
242,0,0,1,1,0,1,0,1,1,1
243,0,0,1,1,0,1,0,1,1,0
244,1,0,1,0,1,0,1,0,0,0
245,0,1,0,0,1,1,0,1,1,0
246,1,1,1,0,1,1,0,0,1,0
247,1,1,0,0,1,0,1,1,0,1
248,1,1,1,1,0,1,0,0,0,0
249,0,1,1,0,1,1,0,1,0,1
250,0,1,1,0,1,0,1,1,1,1
251,1,0,0,0,1,0,1,0,1,1
252,1,1,0,1,0,1,0,0,0,1
253,0,0,0,0,1,0,1,0,0,0
254,1,0,0,0,1,1,0,1,1,0
255,1,1,0,0,1,0,1,1,1,1
256,0,1,1,1,0,1,0,0,0,0
257,1,1,1,0,1,1,0,1,1,0
258,0,0,0,1,0,0,1,0,1,0
259,0,1,0,0,1,0,1,0,0,0
260,0,1,1,1,0,1,0,1,1,1
261,1,1,1,1,0,1,0,0,1,0
262,0,0,0,0,1,0,1,0,0,1
263,0,1,1,0,1,1,0,0,0,1
264,0,1,1,0,1,1,0,0,1,1
265,0,0,1,1,0,0,1,0,1,0
266,0,0,0,1,0,0,1,0,1,1
267,0,1,1,1,0,0,1,1,0,0
268,1,0,0,1,0,1,0,1,1,0
269,1,0,1,0,1,1,0,0,1,0
270,0,1,0,0,1,1,0,0,0,0
271,0,0,0,0,1,1,0,0,1,1
272,1,1,0,0,1,0,1,1,1,1
273,1,1,1,0,1,1,0,0,0,0
274,1,0,1,0,1,0,1,0,0,1
275,1,0,1,0,1,1,0,1,0,0
276,0,0,0,0,1,0,1,1,0,0
277,0,0,1,0,1,1,0,0,0,0
278,0,0,0,1,0,0,1,1,0,0
279,1,1,0,0,1,1,0,0,0,0
280,1,0,1,0,1,0,1,0,1,1
281,0,1,1,1,0,0,1,1,1,1
282,1,1,1,0,1,1,0,1,1,1
283,1,1,1,1,0,0,1,1,1,1
284,0,0,0,0,1,1,0,1,0,0
285,1,1,0,1,0,1,0,0,1,1
286,0,1,1,1,0,0,1,0,1,1
287,1,0,1,1,0,1,0,0,0,0
288,1,0,0,0,1,1,0,0,0,1
289,1,0,0,0,1,0,1,0,1,0
290,1,0,0,0,1,1,0,0,1,1
291,1,0,1,1,0,1,0,0,0,1
292,0,0,1,1,0,1,0,1,0,1
293,1,1,1,1,0,1,0,1,0,1
294,1,0,1,1,0,0,1,1,1,0
295,1,0,0,1,0,0,1,0,1,1
296,0,0,0,0,1,0,1,0,1,1
297,0,0,1,1,0,1,0,1,0,0
298,1,1,1,0,1,1,0,1,1,0
299,1,1,1,0,1,1,0,1,0,0
300,0,1,1,0,1,0,1,0,0,1
301,0,0,1,1,0,0,1,0,1,0
302,0,0,0,0,1,1,0,1,0,0
303,0,0,1,1,0,1,0,0,1,1
304,1,0,1,0,1,0,1,1,0,0
305,0,0,0,0,1,0,1,0,0,1
306,0,0,1,0,1,0,1,0,1,1
307,1,1,0,0,1,1,0,0,1,0
308,0,1,0,0,1,1,0,0,0,0
309,0,1,1,0,1,1,0,1,0,0
310,1,1,1,1,0,0,1,1,1,1
311,1,0,0,0,1,1,0,1,1,1
312,1,0,1,0,1,1,0,0,0,1
313,1,1,0,0,1,0,1,0,0,1
314,0,1,1,1,0,1,0,1,0,1
315,0,1,0,1,0,1,0,1,0,1
316,1,0,0,1,0,0,1,0,0,0
317,1,1,0,1,0,0,1,0,0,0
318,0,0,0,0,1,1,0,1,0,0
319,1,1,0,1,0,1,0,1,1,1
320,0,1,1,1,0,0,1,0,1,1
321,1,0,1,0,1,1,0,0,1,1
322,1,1,1,1,0,1,0,0,1,0
323,0,0,1,0,1,1,0,1,0,1
324,1,0,0,0,1,1,0,1,1,0
325,1,1,0,0,1,0,1,0,0,1
326,1,0,1,0,1,1,0,0,1,1
327,0,1,1,1,0,0,1,1,1,0
328,0,1,0,1,0,1,0,1,0,0
329,0,1,1,1,0,1,0,0,0,1
330,0,1,0,0,1,1,0,1,0,1
331,0,1,1,1,0,1,0,0,0,0
332,1,0,1,0,1,0,1,1,0,1
333,1,0,0,0,1,1,0,1,0,1
334,0,0,0,0,1,1,0,0,0,0
335,0,0,0,1,0,0,1,0,1,0
336,1,1,0,1,0,0,1,1,0,1
337,0,1,1,1,0,0,1,0,0,1
338,1,1,0,1,0,0,1,0,0,0
339,1,0,0,1,0,1,0,0,0,0
340,1,1,0,1,0,0,1,0,1,0
341,1,1,0,0,1,0,1,1,1,0
342,1,1,0,0,1,1,0,1,0,1
343,1,0,1,1,0,0,1,1,0,0
344,0,0,0,1,0,1,0,1,0,0
345,1,1,1,0,1,0,1,0,1,0
346,1,0,0,0,1,1,0,0,1,0
347,0,1,0,0,1,0,1,1,1,1
348,1,1,1,0,1,0,1,1,1,0
349,1,0,0,0,1,0,1,0,0,0
350,0,1,1,1,0,1,0,1,0,0
351,1,0,0,1,0,1,0,1,1,1
352,1,1,0,1,0,0,1,1,1,0
353,1,1,0,1,0,0,1,0,0,0
354,0,0,1,1,0,1,0,0,0,0
355,1,0,0,1,0,1,0,0,0,1
356,1,1,1,0,1,1,0,0,1,1
357,1,0,1,1,0,1,0,1,0,1
358,1,0,0,0,1,0,1,1,1,0
359,0,1,0,0,1,0,1,1,0,0
360,1,0,0,1,0,0,1,1,1,0
361,1,0,0,1,0,1,0,0,1,0
362,1,0,0,1,0,0,1,1,1,1
363,0,0,1,1,0,0,1,0,0,0
364,0,0,1,0,1,0,1,1,1,1
365,0,1,1,1,0,0,1,0,1,0
366,1,0,1,1,0,1,0,0,1,1
367,1,0,0,1,0,1,0,1,0,0
368,1,0,1,1,0,0,1,1,1,0
369,1,0,1,1,0,0,1,1,0,0
370,1,1,0,1,0,0,1,1,1,1
371,1,1,1,0,1,1,0,0,0,1
372,1,0,0,1,0,1,0,0,1,1
373,1,1,1,1,0,1,0,1,0,1
374,1,0,1,0,1,0,1,0,0,1
375,1,1,0,0,1,0,1,1,1,1
376,0,1,0,1,0,1,0,0,1,1
377,1,1,0,1,0,0,1,0,1,0
378,0,1,0,0,1,1,0,1,1,0
379,1,1,0,1,0,0,1,0,1,0
380,1,0,0,0,1,1,0,0,1,1
381,0,1,0,1,0,0,1,1,1,1
382,1,0,1,1,0,1,0,1,0,1
383,1,0,0,0,1,1,0,0,0,0
384,1,0,0,0,1,0,1,1,0,0
385,0,1,1,1,0,0,1,0,1,1
386,0,0,0,0,1,0,1,1,0,1
387,1,0,0,0,1,0,1,0,0,0
388,0,1,1,1,0,0,1,1,1,1
389,1,0,0,0,1,0,1,1,1,0
390,0,1,0,0,1,0,1,1,1,0
391,1,1,0,1,0,0,1,0,0,0
392,1,1,1,1,0,0,1,0,1,0
393,1,1,0,1,0,0,1,0,1,0
394,1,1,0,1,0,0,1,1,0,1
395,0,1,0,1,0,0,1,0,0,1
396,1,1,1,0,1,0,1,0,0,1
397,1,1,0,1,0,0,1,0,0,1
398,0,1,1,0,1,0,1,0,0,1
399,0,0,1,1,0,1,0,1,1,0
400,0,1,0,0,1,0,1,0,0,1
401,1,1,0,1,0,0,1,0,0,1
402,1,1,1,0,1,0,1,0,0,1
403,0,1,0,1,0,1,0,0,1,1
404,1,0,1,1,0,1,0,1,0,0
405,1,0,0,1,0,1,0,1,1,0
406,0,1,1,1,0,0,1,1,1,0
407,1,0,1,0,1,0,1,0,0,1
408,0,0,0,1,0,1,0,1,0,1
409,1,0,1,1,0,1,0,1,1,1
410,0,0,1,0,1,0,1,0,1,1
411,0,1,0,1,0,0,1,1,0,0
412,1,1,1,0,1,1,0,0,1,0
413,0,0,1,1,0,1,0,1,0,1
414,0,1,0,0,1,1,0,1,0,1
415,0,0,1,1,0,1,0,1,0,1
416,0,1,0,1,0,1,0,0,0,0
417,1,0,1,1,0,0,1,1,0,0
418,1,0,0,1,0,1,0,0,0,1
419,0,0,0,0,1,1,0,0,1,0
420,1,1,1,1,0,0,1,1,0,0
421,0,0,1,0,1,1,0,1,1,0
422,1,1,0,0,1,0,1,1,1,0
423,1,1,0,0,1,1,0,1,0,0
424,0,1,0,1,0,0,1,0,0,1
425,1,0,1,1,0,0,1,0,0,0
426,0,0,1,0,1,1,0,1,0,1
427,1,1,0,1,0,1,0,1,1,0
428,0,0,0,1,0,0,1,0,0,0
429,1,0,1,0,1,0,1,1,0,0
430,1,0,1,1,0,0,1,1,1,0
431,0,1,1,1,0,1,0,1,0,0
432,0,1,1,1,0,0,1,0,0,1
433,0,1,1,0,1,1,0,1,1,1
434,1,0,1,0,1,1,0,0,1,1
435,0,1,1,0,1,0,1,1,0,0
436,1,0,0,0,1,1,0,0,1,1
437,1,1,0,0,1,0,1,1,1,1
438,1,0,0,1,0,1,0,1,0,1
439,1,1,0,0,1,0,1,1,0,1
440,1,0,0,1,0,0,1,0,0,1
441,1,0,1,0,1,1,0,1,0,0
442,1,0,1,1,0,0,1,0,0,0
443,0,0,0,1,0,1,0,0,0,0
444,1,1,1,0,1,0,1,1,1,0
445,0,1,0,0,1,0,1,0,0,1
446,1,1,1,1,0,1,0,1,0,1
447,1,1,1,1,0,1,0,0,1,0
448,1,0,0,1,0,0,1,0,1,0
449,1,1,0,1,0,0,1,1,0,0
450,0,1,0,1,0,0,1,1,0,0
451,0,0,1,0,1,0,1,1,0,1
452,0,1,1,0,1,0,1,0,1,1
453,1,0,0,1,0,1,0,0,1,1
454,1,1,0,0,1,1,0,0,1,1
455,1,1,1,1,0,0,1,0,1,1
456,1,1,1,1,0,0,1,0,0,1
457,1,0,0,1,0,1,0,0,1,0
458,1,1,0,0,1,0,1,1,0,0
459,0,0,0,0,1,0,1,0,0,0
460,1,1,1,1,0,0,1,0,0,1
461,0,0,1,1,0,0,1,1,1,0
462,0,1,1,1,0,0,1,1,0,0
463,1,1,1,1,0,0,1,0,1,1
464,0,0,0,1,0,1,0,1,1,0
465,0,0,1,1,0,1,0,0,1,1
466,1,0,0,0,1,0,1,1,1,1
467,1,0,1,0,1,0,1,1,1,1
468,1,1,1,1,0,0,1,1,1,1
469,1,1,0,1,0,0,1,0,0,0
470,1,0,1,0,1,0,1,1,0,0
471,1,0,1,0,1,1,0,0,0,1
472,1,1,1,1,0,1,0,0,1,0
473,0,1,1,0,1,0,1,1,1,1
474,1,1,1,1,0,0,1,1,0,1
475,1,0,0,0,1,1,0,1,1,1
476,1,0,1,0,1,0,1,1,1,0
477,0,0,1,0,1,1,0,0,1,1
478,0,0,0,0,1,0,1,0,0,1
479,1,0,1,1,0,0,1,0,1,1
480,1,1,0,1,0,0,1,0,1,0
481,0,0,1,1,0,0,1,0,0,1
482,1,1,0,0,1,0,1,0,1,1
483,0,0,1,1,0,1,0,1,1,1
484,0,1,1,0,1,0,1,1,0,1
485,0,1,0,1,0,1,0,0,1,1
486,1,0,0,0,1,0,1,0,0,1
487,1,1,0,0,1,0,1,1,1,0
488,0,1,0,0,1,1,0,1,0,1
489,0,0,0,1,0,0,1,0,0,0
490,0,1,0,0,1,0,1,0,0,0
491,0,0,0,0,1,1,0,1,0,0
492,1,0,1,0,1,1,0,1,0,1
493,0,0,0,0,1,0,1,0,0,1
494,1,0,1,1,0,0,1,0,1,0
495,0,0,1,1,0,0,1,0,1,0
496,0,0,0,1,0,1,0,0,1,0
497,1,1,0,0,1,1,0,0,0,1
498,0,1,1,1,0,0,1,0,0,0
499,0,0,1,1,0,1,0,1,1,0
500,1,0,1,1,0,0,1,0,0,0
501,0,1,1,0,1,0,1,1,1,0
502,1,0,0,1,0,0,1,0,0,1
503,1,0,0,1,0,0,1,0,0,1
504,0,1,1,0,1,1,0,1,0,1
505,0,1,1,1,0,1,0,1,1,0
506,0,1,1,0,1,0,1,0,0,0
507,0,0,0,1,0,0,1,1,1,1
508,1,0,0,1,0,1,0,1,0,0
509,1,1,0,1,0,1,0,1,1,0
510,0,1,1,0,1,1,0,0,0,0
511,0,1,0,1,0,0,1,1,1,0
512,1,0,1,1,0,1,0,0,1,1
513,0,0,0,1,0,1,0,1,1,0
514,1,1,1,1,0,1,0,0,0,0
515,1,0,0,0,1,1,0,0,0,1
516,0,1,1,0,1,0,1,0,0,0
517,0,1,1,1,0,0,1,0,1,1
518,0,1,0,0,1,0,1,0,1,0
519,0,0,0,1,0,0,1,0,0,1
520,1,1,1,1,0,1,0,0,1,0
521,1,1,0,1,0,0,1,0,0,1
522,1,0,0,0,1,0,1,1,1,0
523,1,1,0,1,0,1,0,0,1,1
524,0,0,0,0,1,0,1,0,0,1
525,0,1,1,0,1,1,0,1,1,1
526,0,0,1,1,0,1,0,1,0,1
527,0,0,1,1,0,1,0,1,0,0
528,0,1,1,0,1,1,0,1,1,0
529,0,0,1,1,0,1,0,0,0,0
530,1,0,1,1,0,0,1,1,1,1
531,1,1,1,1,0,1,0,1,0,0
532,0,0,1,1,0,0,1,1,1,0
533,0,0,0,1,0,0,1,1,0,1
534,0,0,1,0,1,1,0,1,0,0
535,1,1,0,0,1,0,1,0,0,0
536,0,1,1,1,0,1,0,1,1,1
537,0,1,1,0,1,1,0,0,0,0
538,0,0,0,0,1,1,0,1,1,1
539,0,1,1,1,0,1,0,1,1,1
540,0,1,0,1,0,0,1,1,1,1
541,0,1,0,1,0,0,1,0,0,1
542,1,1,1,0,1,0,1,0,1,1
543,0,0,0,0,1,1,0,1,0,0
544,1,0,1,0,1,0,1,0,0,0
545,0,0,0,0,1,0,1,1,1,0
546,1,1,1,1,0,1,0,1,0,1
547,0,0,1,0,1,1,0,1,0,0
548,1,1,1,1,0,0,1,1,0,1
549,1,1,0,1,0,0,1,1,1,0
550,0,0,1,0,1,0,1,1,1,1
551,1,1,0,0,1,1,0,1,1,0
552,0,0,1,1,0,1,0,1,0,0
553,0,0,0,1,0,1,0,1,0,0
554,0,0,0,0,1,0,1,0,1,0
555,1,0,1,0,1,0,1,0,1,0
556,0,1,0,1,0,1,0,1,1,0
557,0,1,0,1,0,1,0,0,0,1
558,1,1,1,0,1,0,1,1,0,1
559,1,0,1,1,0,1,0,1,1,0
560,0,1,1,1,0,1,0,0,0,0
561,0,1,1,1,0,1,0,1,0,1
562,1,1,0,0,1,0,1,0,0,1
563,0,0,1,0,1,0,1,1,1,1
564,1,0,0,1,0,1,0,1,1,0
565,0,0,0,1,0,1,0,1,0,0
566,0,1,0,0,1,1,0,0,0,0
567,0,0,0,1,0,1,0,0,1,0
568,0,1,1,1,0,0,1,0,0,1
569,1,1,0,0,1,0,1,1,1,1
570,0,1,0,1,0,1,0,1,0,0
571,0,1,0,0,1,1,0,1,1,1
572,0,0,1,0,1,1,0,1,1,0
573,0,1,0,0,1,0,1,1,0,0
574,0,0,0,1,0,1,0,0,1,0
575,1,1,0,1,0,1,0,1,1,0
576,0,0,0,1,0,0,1,1,0,1
577,0,0,0,0,1,1,0,0,0,1
578,1,0,0,0,1,1,0,1,0,0
579,1,1,1,0,1,1,0,1,1,1
580,1,1,0,0,1,1,0,1,1,1
581,1,0,1,0,1,1,0,1,0,1
582,1,1,0,1,0,1,0,1,1,1
583,1,0,0,0,1,1,0,1,1,1
584,1,0,1,0,1,1,0,0,0,1
585,0,0,1,1,0,0,1,1,0,0
586,1,1,0,1,0,1,0,1,0,0
587,1,1,0,1,0,0,1,0,0,0
588,0,1,1,0,1,0,1,0,1,1
589,0,1,0,1,0,1,0,1,1,1
590,0,0,0,0,1,0,1,0,1,1
591,0,1,0,1,0,1,0,1,1,0
592,0,0,0,1,0,1,0,1,0,0
593,0,1,0,0,1,0,1,1,0,0
594,0,0,0,0,1,1,0,1,1,1
595,0,1,0,1,0,1,0,1,0,0
596,0,0,1,0,1,0,1,1,1,0
597,0,1,1,0,1,1,0,0,1,0
598,0,1,0,0,1,1,0,1,0,1
599,0,1,0,0,1,0,1,0,0,0
600,1,1,0,1,0,1,0,0,1,0
601,1,0,0,1,0,1,0,0,0,0
602,1,0,1,1,0,1,0,1,1,0
603,1,0,0,0,1,1,0,1,1,0
604,0,1,0,0,1,1,0,0,1,0
605,0,0,1,1,0,0,1,0,1,0
606,0,0,1,0,1,1,0,0,1,1
607,1,0,0,1,0,1,0,0,1,0
608,0,1,1,0,1,0,1,0,1,1
609,1,0,0,0,1,0,1,1,0,0
610,0,1,1,0,1,0,1,1,1,0
611,1,0,0,0,1,1,0,0,1,1
612,0,0,0,1,0,1,0,0,1,1
613,1,0,1,1,0,0,1,1,1,1
614,1,0,1,0,1,0,1,1,1,1
615,1,0,1,1,0,0,1,1,1,1
616,0,1,1,0,1,1,0,0,1,1
617,0,0,0,1,0,0,1,1,0,0
618,0,0,0,0,1,1,0,1,1,0
619,1,0,0,0,1,0,1,0,1,1
620,1,1,0,1,0,0,1,1,1,1
621,0,1,1,0,1,0,1,0,1,1
622,0,0,1,1,0,0,1,1,1,0
623,1,0,0,0,1,0,1,0,1,0
624,0,1,1,0,1,1,0,0,1,0
625,1,0,1,1,0,0,1,0,1,1
626,1,1,1,0,1,1,0,1,0,0
627,0,0,0,1,0,0,1,0,0,0
628,1,1,0,1,0,0,1,0,0,0
629,0,1,1,1,0,1,0,0,0,1
630,1,0,0,0,1,0,1,0,1,0
631,0,1,0,1,0,1,0,0,0,0
632,0,0,0,0,1,1,0,1,1,1
633,0,1,1,0,1,0,1,0,1,0
634,1,1,0,0,1,0,1,1,0,1
635,1,0,0,1,0,0,1,1,0,0
636,0,1,1,0,1,0,1,1,0,1
637,1,1,0,1,0,1,0,1,1,0
638,1,1,0,1,0,0,1,0,1,0
639,1,1,1,1,0,0,1,0,0,1
640,0,1,0,1,0,0,1,0,1,0
641,0,1,1,1,0,1,0,1,1,1
642,0,1,0,0,1,0,1,0,1,0
643,0,0,0,0,1,0,1,0,0,0
644,0,0,1,0,1,0,1,1,0,0
645,1,1,0,0,1,1,0,1,1,1
646,0,0,1,0,1,1,0,1,1,1
647,1,1,0,0,1,0,1,1,1,0
648,1,1,1,0,1,1,0,1,1,1
649,0,1,1,1,0,1,0,1,0,0
650,0,0,1,1,0,1,0,1,1,0
651,1,1,1,0,1,1,0,0,0,1
652,0,0,0,0,1,0,1,0,1,1
653,1,0,1,1,0,0,1,0,0,0
654,0,1,0,0,1,1,0,0,0,0
655,0,0,1,1,0,0,1,1,0,0
656,0,0,0,0,1,1,0,1,0,1
657,0,1,1,0,1,0,1,1,1,0
658,1,0,1,0,1,0,1,1,0,1
659,0,1,1,1,0,1,0,0,1,1
660,1,0,0,0,1,1,0,1,0,1
661,1,1,0,1,0,0,1,1,1,0
662,0,1,1,1,0,1,0,1,1,0
663,0,1,0,1,0,1,0,0,1,0
664,1,0,0,1,0,1,0,1,0,0
665,0,1,0,0,1,0,1,1,0,0
666,1,1,0,0,1,0,1,0,0,0
667,0,1,0,0,1,1,0,0,0,0
668,1,0,1,0,1,1,0,0,0,1
669,0,1,1,0,1,0,1,1,1,1
670,0,1,0,0,1,0,1,0,1,1
671,0,1,1,0,1,1,0,0,1,0
672,1,1,0,0,1,1,0,1,0,0
673,1,0,0,1,0,0,1,1,0,1
674,0,0,0,0,1,0,1,1,0,1
675,1,1,0,1,0,1,0,0,1,1
676,1,0,0,0,1,1,0,0,1,0
677,0,0,1,1,0,1,0,1,0,0
678,0,1,1,1,0,1,0,0,1,1
679,1,1,0,0,1,1,0,0,0,1
680,1,1,1,0,1,0,1,1,1,0
681,0,1,1,0,1,1,0,0,0,1
682,0,0,0,0,1,0,1,0,0,0
683,1,0,0,1,0,1,0,0,0,1
684,0,0,0,0,1,1,0,0,1,0
685,0,0,0,0,1,1,0,0,1,0
686,1,0,0,0,1,1,0,0,1,0
687,0,0,1,0,1,0,1,1,0,1
688,1,1,0,0,1,0,1,0,1,0
689,1,0,0,1,0,1,0,1,1,0
690,0,1,0,1,0,0,1,0,1,1
691,0,0,0,0,1,1,0,0,1,0
692,1,0,1,0,1,0,1,0,0,1
693,0,0,1,0,1,1,0,1,0,0
694,1,1,0,0,1,0,1,0,0,1
695,1,0,0,1,0,1,0,1,0,0
696,0,1,0,0,1,1,0,1,0,1
697,0,0,0,1,0,0,1,1,0,1
698,1,1,0,1,0,1,0,1,1,0
699,1,0,0,0,1,0,1,1,1,1
700,1,1,1,0,1,1,0,1,0,1
701,0,0,1,0,1,1,0,1,0,0
702,1,1,1,0,1,1,0,1,1,1
703,1,1,0,1,0,1,0,0,0,1
704,0,0,1,0,1,1,0,0,1,0
705,0,1,0,1,0,0,1,0,0,1
706,1,0,0,1,0,0,1,0,1,0
707,0,0,1,1,0,0,1,1,0,1
708,0,1,0,0,1,0,1,0,0,1
709,0,0,1,1,0,1,0,0,0,1
710,0,1,1,1,0,0,1,1,0,1
711,0,1,0,0,1,1,0,1,0,0
712,0,1,0,0,1,1,0,0,1,0
713,0,0,1,1,0,0,1,0,1,1
714,1,0,1,1,0,0,1,0,1,1
715,0,1,0,1,0,0,1,0,0,1
716,0,0,0,1,0,0,1,1,1,1
717,1,0,0,1,0,1,0,1,0,1
718,0,0,1,1,0,1,0,1,0,0
719,1,0,0,0,1,1,0,1,1,0
720,0,0,1,1,0,1,0,0,0,0
721,0,0,0,0,1,0,1,1,0,0
722,0,0,0,1,0,0,1,0,1,1
723,0,0,0,0,1,1,0,0,1,0
724,1,1,0,1,0,1,0,1,0,1
725,0,1,0,0,1,0,1,0,0,0
726,1,1,0,1,0,0,1,1,0,0
727,1,0,1,0,1,1,0,0,1,0
728,0,0,0,1,0,1,0,1,0,0
729,1,0,1,0,1,1,0,1,0,1
730,1,0,1,0,1,0,1,1,1,1
731,0,0,0,0,1,1,0,0,1,0
732,1,0,1,0,1,1,0,1,1,1
733,1,1,0,1,0,0,1,0,1,0
734,0,0,1,0,1,0,1,1,1,0
735,1,0,1,1,0,1,0,0,0,1
736,1,0,1,1,0,1,0,0,1,1
737,1,0,1,1,0,1,0,1,0,1
738,1,1,1,1,0,1,0,0,1,1
739,1,0,1,1,0,0,1,0,1,1
740,0,0,0,0,1,1,0,1,1,0
741,1,0,1,1,0,0,1,1,1,0
742,1,0,0,0,1,1,0,0,1,0
743,1,0,1,1,0,0,1,0,0,1
744,0,1,0,0,1,1,0,0,0,0
745,1,1,0,1,0,1,0,1,0,0
746,1,0,1,0,1,0,1,0,0,0
747,1,1,1,0,1,1,0,1,0,1
748,1,1,1,0,1,1,0,0,1,0
749,0,1,1,0,1,1,0,1,1,1
750,0,1,0,1,0,0,1,1,1,0
751,1,0,1,1,0,0,1,1,1,1
752,0,0,1,0,1,1,0,1,0,1
753,1,0,1,1,0,1,0,1,0,1
754,1,0,1,1,0,0,1,1,1,0
755,1,0,1,0,1,1,0,0,1,0
756,1,0,1,1,0,1,0,1,0,1
757,0,0,1,0,1,1,0,1,1,1
758,1,1,0,1,0,0,1,1,0,0
759,0,1,0,1,0,1,0,0,0,1
760,1,0,0,0,1,0,1,0,1,0
761,1,0,0,1,0,0,1,1,0,0
762,0,1,0,1,0,1,0,0,0,0
763,0,0,1,0,1,0,1,0,1,0
764,1,0,0,0,1,0,1,0,0,1
765,1,0,1,0,1,0,1,1,1,0
766,0,1,0,0,1,1,0,1,1,0
767,0,1,0,1,0,0,1,1,1,0
768,0,1,1,1,0,0,1,1,1,1
769,1,1,1,0,1,0,1,1,1,0
770,1,1,0,0,1,1,0,0,1,0
771,0,1,1,0,1,0,1,1,1,0
772,0,1,1,0,1,0,1,1,0,0
773,0,1,0,0,1,0,1,1,1,0
774,1,1,1,0,1,1,0,1,0,1
775,0,0,1,0,1,0,1,1,1,0
776,1,0,1,1,0,1,0,0,1,1
777,0,1,0,1,0,1,0,1,0,0
778,0,1,0,1,0,1,0,0,1,1
779,1,0,0,0,1,0,1,0,0,1
780,1,1,1,0,1,1,0,1,1,1
781,1,1,0,1,0,1,0,0,0,1
782,0,1,0,0,1,1,0,1,0,1
783,0,0,0,0,1,1,0,1,1,1
784,1,0,0,0,1,0,1,0,1,0
785,1,0,1,0,1,1,0,0,0,1
786,0,1,1,1,0,1,0,0,0,1
787,1,1,1,1,0,0,1,0,1,1
788,0,0,0,1,0,1,0,1,1,1
789,0,1,1,0,1,1,0,1,1,0
790,1,0,0,0,1,0,1,1,0,1
791,1,0,1,0,1,1,0,1,1,0
792,1,1,0,1,0,0,1,1,1,1
793,0,1,0,0,1,1,0,1,1,1
794,1,0,1,0,1,0,1,1,1,0
795,1,1,1,1,0,0,1,1,1,1
796,1,1,0,1,0,0,1,0,0,0
797,1,1,1,0,1,0,1,1,1,0
798,0,1,0,0,1,0,1,1,1,1
799,0,1,1,0,1,0,1,0,1,0
800,1,1,0,1,0,1,0,1,0,1
801,1,0,0,0,1,0,1,0,1,0
802,1,0,1,0,1,1,0,0,0,1
803,1,0,0,0,1,0,1,1,1,0
804,1,1,1,1,0,1,0,0,0,1
805,0,0,0,0,1,0,1,1,1,1
806,0,1,0,0,1,0,1,0,1,0
807,1,1,0,1,0,1,0,1,0,0
808,0,0,1,0,1,0,1,1,1,1
809,1,1,1,1,0,1,0,1,0,1
810,0,0,1,1,0,0,1,1,1,0
811,0,1,0,0,1,0,1,0,1,0
812,0,1,1,1,0,0,1,0,0,1
813,0,1,0,0,1,0,1,0,1,0
814,1,1,1,0,1,0,1,1,1,0
815,1,1,1,0,1,0,1,0,1,0
816,1,0,0,1,0,1,0,1,0,0
817,0,0,0,0,1,1,0,1,0,0
818,1,1,1,1,0,0,1,1,0,1
819,0,1,1,0,1,1,0,0,0,1
820,0,1,1,0,1,1,0,0,1,1
821,0,0,0,0,1,0,1,0,0,1
822,1,0,1,0,1,1,0,1,0,1
823,0,1,0,1,0,1,0,1,0,0
824,0,1,0,1,0,0,1,0,0,1
825,0,0,1,1,0,1,0,0,1,1
826,0,0,1,1,0,1,0,0,0,1
827,0,1,1,0,1,0,1,1,0,1
828,0,0,0,1,0,0,1,0,1,1
829,0,0,0,1,0,1,0,0,1,0
830,1,0,1,1,0,1,0,1,1,0
831,1,1,1,0,1,0,1,1,0,1
832,1,0,0,1,0,0,1,1,0,1
833,0,0,1,0,1,1,0,1,0,0
834,0,1,1,1,0,0,1,1,0,1
835,1,1,0,0,1,0,1,1,1,1
836,1,0,1,0,1,0,1,0,0,0
837,1,1,0,0,1,1,0,0,0,1
838,0,0,1,1,0,1,0,1,0,0
839,1,0,0,0,1,1,0,1,1,1
840,0,0,1,0,1,0,1,0,1,0
841,0,0,1,1,0,1,0,1,1,1
842,0,1,1,1,0,1,0,0,1,0
843,0,0,0,1,0,1,0,0,0,0
844,1,1,0,0,1,0,1,0,0,0
845,1,1,1,0,1,1,0,0,0,0
846,0,1,0,0,1,1,0,0,0,1
847,1,0,0,1,0,0,1,0,1,0
848,0,0,0,0,1,0,1,0,0,0
849,1,1,0,0,1,0,1,1,1,1
850,0,1,1,1,0,1,0,0,1,0
851,1,1,0,0,1,0,1,0,1,0
852,1,0,1,1,0,0,1,1,0,0
853,0,1,0,0,1,1,0,0,1,0
854,0,1,0,1,0,1,0,0,0,0
855,0,0,1,0,1,1,0,0,1,1
856,0,1,0,1,0,0,1,1,0,1
857,1,1,0,1,0,1,0,1,1,0
858,0,0,1,1,0,1,0,0,1,0
859,0,1,1,1,0,0,1,1,1,1
860,0,0,1,1,0,1,0,1,0,0
861,1,1,0,1,0,1,0,1,0,1
862,0,1,0,0,1,0,1,1,0,0
863,0,0,1,0,1,1,0,0,1,0
864,1,0,1,0,1,1,0,1,0,1
865,1,1,1,1,0,0,1,0,0,0
866,1,1,0,1,0,1,0,0,1,1
867,0,1,0,1,0,0,1,0,1,1
868,0,0,1,1,0,1,0,0,1,0
869,1,0,0,0,1,0,1,0,0,0
870,1,0,0,1,0,0,1,1,1,1
871,1,1,0,0,1,0,1,1,1,1
872,0,0,0,1,0,0,1,1,0,0
873,0,1,1,1,0,1,0,1,1,0
874,0,1,1,0,1,1,0,1,1,1
875,1,0,1,1,0,0,1,0,0,1
876,0,1,1,1,0,1,0,1,0,0
877,1,1,0,1,0,0,1,1,1,0
878,1,0,0,0,1,1,0,0,0,1
879,1,0,1,0,1,0,1,1,0,1
880,1,1,0,0,1,0,1,1,1,1
881,1,1,1,0,1,1,0,0,0,1
882,0,0,1,1,0,1,0,0,1,0
883,1,1,0,0,1,1,0,0,1,1
884,0,1,1,0,1,1,0,0,1,0
885,0,0,0,1,0,1,0,1,1,1
886,1,1,0,1,0,0,1,1,0,1
887,0,0,1,0,1,1,0,0,0,1
888,0,1,1,1,0,0,1,0,1,0
889,1,1,1,0,1,1,0,0,1,0
890,0,1,1,1,0,0,1,0,0,0
891,0,0,0,1,0,0,1,1,1,0
892,0,1,1,1,0,0,1,0,1,1
893,1,1,1,1,0,0,1,0,1,1
894,1,0,0,0,1,1,0,0,1,0
895,0,0,0,0,1,1,0,1,0,1
896,1,1,1,0,1,0,1,1,1,1
897,1,0,1,0,1,0,1,1,1,1
898,0,0,0,0,1,0,1,1,1,1
899,1,0,1,0,1,1,0,1,0,0
900,1,0,0,1,0,0,1,1,1,0
901,0,0,0,1,0,0,1,1,0,1
902,0,0,1,0,1,0,1,0,0,1
903,0,0,1,1,0,1,0,1,1,0
904,1,1,0,1,0,0,1,0,1,0
905,0,1,0,1,0,1,0,1,0,1
906,0,1,0,0,1,1,0,1,0,1
907,1,1,0,0,1,0,1,0,1,1
908,0,0,1,1,0,1,0,0,0,1
909,1,0,0,1,0,1,0,0,0,1
910,1,1,0,0,1,0,1,0,1,1
911,1,0,1,1,0,1,0,1,0,1
912,1,0,0,1,0,1,0,0,1,1
913,1,1,0,1,0,0,1,1,1,0
914,1,0,1,1,0,1,0,1,0,0
915,1,1,0,0,1,0,1,0,1,1
916,0,0,1,1,0,0,1,1,1,1
917,0,1,0,1,0,1,0,1,1,1
918,0,1,0,1,0,0,1,1,1,1
919,0,1,1,0,1,1,0,0,0,1
920,0,0,0,0,1,0,1,1,0,0
921,0,0,1,0,1,1,0,1,1,1
922,0,1,1,1,0,1,0,0,1,1
923,0,0,0,1,0,0,1,1,0,0
924,1,0,0,1,0,0,1,0,1,0
925,1,0,1,1,0,1,0,1,1,0
926,0,0,1,1,0,0,1,1,0,0
927,0,1,0,0,1,0,1,0,1,1
928,0,0,0,1,0,0,1,1,0,0
929,1,1,1,1,0,1,0,0,1,0
930,0,0,1,1,0,0,1,0,0,0
931,1,1,0,1,0,0,1,0,1,1
932,1,1,0,1,0,1,0,0,1,0
933,0,0,0,1,0,1,0,1,0,1
934,0,0,1,1,0,1,0,0,0,1
935,0,1,1,1,0,1,0,1,1,1
936,0,0,0,0,1,0,1,1,1,1
937,1,1,0,0,1,0,1,1,0,0
938,1,1,0,0,1,0,1,0,0,1
939,1,0,0,1,0,1,0,0,0,1
940,0,1,1,1,0,0,1,0,1,1
941,0,0,1,1,0,0,1,0,0,1
942,1,1,0,1,0,1,0,1,0,1
943,0,0,1,1,0,0,1,0,0,0
944,0,0,0,1,0,0,1,1,0,0
945,0,1,1,0,1,0,1,0,1,1
946,0,0,1,1,0,1,0,1,1,1
947,0,0,0,0,1,1,0,0,0,1
948,1,0,1,1,0,1,0,1,1,1
949,0,1,1,0,1,1,0,1,1,1
950,1,1,1,0,1,1,0,0,0,1
951,1,1,1,0,1,0,1,0,1,1
952,1,0,0,0,1,1,0,0,0,1
953,0,1,1,1,0,1,0,0,1,1
954,1,0,1,1,0,1,0,1,1,0
955,1,0,1,1,0,0,1,1,1,0
956,1,1,0,0,1,0,1,1,0,0
957,1,0,0,1,0,0,1,0,0,1
958,1,1,1,0,1,0,1,1,1,1
959,0,1,0,0,1,0,1,0,0,1
960,1,1,1,0,1,0,1,0,0,1
961,1,1,0,1,0,0,1,1,0,0
962,1,1,0,0,1,0,1,0,1,0
963,0,1,0,0,1,0,1,1,0,1
964,1,1,0,0,1,0,1,0,1,1
965,1,1,1,0,1,1,0,1,0,0
966,1,1,1,1,0,0,1,0,1,0
967,1,0,1,1,0,0,1,1,1,0
968,0,1,0,0,1,1,0,1,0,1
969,1,0,0,1,0,1,0,0,0,1
970,1,0,1,1,0,1,0,0,0,0
971,0,0,0,1,0,1,0,1,0,1
972,1,1,1,0,1,1,0,0,1,1
973,0,0,1,1,0,0,1,1,1,0
974,1,0,0,0,1,1,0,0,0,0
975,1,0,0,0,1,0,1,0,0,1
976,0,1,1,0,1,1,0,1,0,1
977,0,1,0,1,0,0,1,1,0,1
978,0,1,0,0,1,0,1,0,0,0
979,1,0,1,1,0,1,0,0,0,1
980,0,1,1,1,0,1,0,1,0,0
981,0,1,1,0,1,0,1,0,0,0
982,0,0,0,0,1,1,0,1,1,1
983,0,1,1,1,0,1,0,0,0,0
984,0,0,1,1,0,0,1,1,0,1
985,0,1,0,0,1,1,0,1,1,1
986,1,1,0,1,0,1,0,0,1,1
987,1,1,0,0,1,0,1,1,0,0
988,1,1,0,0,1,0,1,0,1,1
989,0,0,0,0,1,1,0,0,1,0
990,1,1,1,0,1,1,0,0,0,0
991,1,0,1,0,1,0,1,1,0,1
992,0,1,1,0,1,0,1,0,0,0
993,0,0,1,0,1,1,0,1,1,1
994,0,0,0,1,0,0,1,0,1,0
995,0,0,1,0,1,0,1,1,0,1
996,0,1,1,0,1,1,0,1,1,0
997,1,1,0,1,0,1,0,1,0,0
998,1,1,1,0,1,0,1,0,0,0
999,1,1,1,1,0,0,1,1,0,0
1000,1,0,1,1,0,0,1,0,1,1
1001,0,0,0,0,1,0,1,0,0,1
1002,0,1,1,0,1,0,1,0,0,1
1003,0,1,0,0,1,0,1,0,1,1
1004,1,1,1,0,1,1,0,1,0,1
1005,1,0,0,0,1,1,0,1,1,0
1006,0,0,0,1,0,1,0,0,1,1
1007,1,0,0,0,1,1,0,1,0,0
1008,0,1,0,1,0,1,0,1,1,0
1009,1,1,0,0,1,0,1,1,0,0
1010,0,0,0,0,1,0,1,0,1,1
1011,0,0,1,0,1,0,1,0,1,1
1012,0,1,0,1,0,0,1,0,0,1
1013,0,0,1,0,1,1,0,1,1,0
1014,0,1,1,0,1,0,1,0,1,1
1015,0,1,0,1,0,0,1,0,1,0
1016,0,0,0,0,1,0,1,1,1,0
1017,0,1,1,0,1,0,1,1,0,0
1018,0,1,0,1,0,1,0,1,1,1
1019,1,0,1,0,1,1,0,1,0,1
1020,1,0,0,1,0,0,1,1,0,1
1021,0,0,0,1,0,0,1,1,1,0
1022,0,1,0,0,1,1,0,1,0,0
1023,0,0,0,1,0,0,1,1,1,0
1024,0,1,0,0,1,0,1,0,0,1
1025,1,0,0,1,0,1,0,1,0,0
1026,1,1,1,0,1,0,1,1,1,0
1027,0,1,1,1,0,0,1,0,0,1
1028,1,1,0,0,1,1,0,1,1,0
1029,0,1,1,0,1,0,1,1,1,1
1030,1,1,0,1,0,1,0,0,0,0
1031,1,1,0,0,1,1,0,1,0,0
1032,0,1,1,0,1,0,1,0,0,1
1033,0,1,0,1,0,1,0,1,0,0
1034,1,1,0,0,1,1,0,0,1,0
1035,1,1,1,0,1,1,0,1,0,1
1036,1,0,1,1,0,1,0,0,1,1
1037,1,0,1,0,1,0,1,1,0,0
1038,0,1,0,1,0,1,0,1,0,0
1039,0,0,1,0,1,0,1,1,1,1
1040,1,1,0,0,1,0,1,0,0,0
1041,0,0,0,0,1,0,1,0,0,1
1042,1,0,1,1,0,0,1,0,0,0
1043,1,0,0,0,1,0,1,0,1,0
1044,0,0,1,0,1,1,0,1,0,0
1045,1,0,1,0,1,0,1,1,0,0
1046,0,0,0,1,0,0,1,0,1,1
1047,0,1,0,1,0,1,0,0,1,1
1048,0,0,1,1,0,1,0,1,1,0
1049,0,0,0,1,0,1,0,1,1,0
1050,1,0,1,1,0,0,1,0,1,1
1051,1,0,1,0,1,1,0,0,1,1
1052,0,0,1,0,1,1,0,0,0,1
1053,0,1,0,1,0,1,0,0,0,1
1054,1,0,1,1,0,0,1,1,0,1
1055,1,0,1,0,1,1,0,0,1,0
1056,1,1,1,0,1,1,0,0,0,1
1057,0,1,1,1,0,1,0,1,1,0
1058,1,1,0,1,0,1,0,1,0,1
1059,0,0,0,1,0,1,0,0,0,0
1060,0,0,1,0,1,1,0,1,1,0
1061,1,0,1,1,0,0,1,0,1,0
1062,0,1,1,0,1,1,0,1,1,0
1063,1,0,0,0,1,0,1,1,0,0
1064,1,1,0,1,0,0,1,1,0,0
1065,0,1,0,1,0,1,0,0,1,0
1066,1,1,1,0,1,1,0,1,1,1
1067,0,1,1,0,1,1,0,1,1,0
1068,1,1,0,1,0,0,1,1,0,0
1069,0,0,1,0,1,1,0,0,1,1
1070,0,0,1,1,0,1,0,1,0,0
1071,1,1,0,0,1,0,1,1,1,1
1072,0,0,1,0,1,0,1,1,0,1
1073,1,0,0,1,0,1,0,0,0,1
1074,0,1,1,0,1,0,1,1,0,1
1075,1,0,1,1,0,0,1,0,0,0
1076,0,0,1,0,1,0,1,0,1,1
1077,1,0,1,1,0,0,1,1,1,1
1078,1,0,0,0,1,1,0,1,0,1
1079,0,0,1,1,0,0,1,1,1,1
1080,1,0,0,0,1,1,0,1,0,1
1081,1,1,1,1,0,1,0,1,1,1
1082,0,0,0,1,0,0,1,0,0,1
1083,1,0,1,0,1,1,0,0,0,0
1084,0,0,0,1,0,1,0,1,0,0
1085,1,0,0,1,0,0,1,1,1,1
1086,0,0,0,0,1,1,0,0,0,0
1087,1,0,0,0,1,1,0,1,0,1
1088,0,1,0,1,0,0,1,1,0,0
1089,0,1,1,1,0,1,0,1,0,0
1090,0,0,0,0,1,1,0,1,1,1
1091,1,0,0,1,0,1,0,0,0,0
1092,0,0,0,0,1,1,0,0,0,0
1093,0,0,0,1,0,1,0,1,1,1
1094,1,1,1,1,0,0,1,1,0,1
1095,1,0,0,0,1,0,1,0,0,1
1096,1,0,0,1,0,0,1,0,0,0
1097,1,1,1,0,1,0,1,0,0,1
1098,0,0,1,1,0,1,0,0,0,1
1099,1,1,0,1,0,1,0,0,1,0
1100,0,1,1,0,1,0,1,0,0,0
1101,1,0,1,1,0,0,1,0,1,1
1102,1,0,1,1,0,1,0,1,0,1
1103,0,0,1,0,1,0,1,1,1,0
1104,0,1,0,1,0,0,1,0,0,0
1105,0,1,0,0,1,0,1,1,1,1
1106,0,1,0,0,1,1,0,1,1,0
1107,0,0,0,1,0,1,0,1,0,0
1108,0,0,1,0,1,0,1,0,1,0
1109,0,1,0,1,0,0,1,0,1,1
1110,1,0,0,1,0,1,0,0,0,0
1111,1,1,1,0,1,1,0,1,0,1
1112,1,0,1,0,1,1,0,0,1,1
1113,0,1,1,1,0,0,1,1,1,0
1114,1,0,1,0,1,1,0,0,0,0
1115,0,1,1,1,0,1,0,0,0,1
1116,1,0,0,1,0,0,1,1,0,0
1117,0,0,1,0,1,0,1,1,0,1
1118,0,0,1,0,1,0,1,1,0,0
1119,0,0,0,1,0,1,0,0,0,1
1120,1,0,0,0,1,1,0,0,1,1
1121,0,0,0,0,1,1,0,0,0,1
1122,0,0,0,1,0,1,0,0,0,0
1123,1,1,0,1,0,1,0,0,1,0
1124,1,1,0,1,0,0,1,0,1,1
1125,1,1,1,1,0,0,1,1,1,1
1126,1,0,0,1,0,1,0,1,0,0
1127,1,1,0,1,0,1,0,0,0,1
1128,0,1,1,0,1,0,1,1,0,0
1129,1,1,1,0,1,0,1,1,0,1
1130,0,1,1,0,1,0,1,1,0,1
1131,0,0,1,0,1,0,1,0,1,0
1132,0,0,1,1,0,1,0,0,1,1
1133,1,1,1,0,1,1,0,1,0,0
1134,1,0,0,0,1,0,1,1,1,1
1135,0,1,0,1,0,0,1,1,0,0
1136,1,1,0,0,1,0,1,0,1,1
1137,1,0,1,1,0,1,0,1,1,1
1138,0,1,1,1,0,1,0,0,1,0
1139,1,1,1,1,0,0,1,1,0,1
1140,0,0,0,1,0,0,1,1,0,0
1141,0,0,0,1,0,0,1,1,1,0
1142,0,1,1,0,1,1,0,1,0,0
1143,1,1,0,0,1,1,0,0,1,1
1144,1,1,1,0,1,1,0,0,1,1
1145,1,0,0,1,0,0,1,1,0,0
1146,1,1,1,0,1,1,0,1,1,1
1147,0,0,0,1,0,0,1,1,0,0
1148,1,0,0,0,1,1,0,0,1,0
1149,1,1,0,1,0,1,0,1,0,1
1150,0,1,0,1,0,1,0,1,1,0
1151,0,0,1,0,1,1,0,1,1,0
1152,1,1,0,0,1,0,1,1,0,0
1153,1,1,0,1,0,0,1,1,1,0
1154,0,1,0,1,0,1,0,1,1,1
1155,0,1,1,1,0,0,1,1,0,1
1156,1,1,1,0,1,0,1,0,0,1
1157,1,0,1,1,0,1,0,1,1,1
1158,0,1,0,0,1,0,1,0,1,1
1159,0,1,1,0,1,1,0,1,0,1
1160,1,1,0,0,1,0,1,0,1,1
1161,0,0,1,0,1,0,1,1,1,1
1162,0,0,1,0,1,0,1,0,1,0
1163,0,0,0,1,0,1,0,1,1,1
1164,0,1,1,0,1,1,0,0,0,0
1165,1,1,0,0,1,0,1,0,1,0
1166,1,0,1,1,0,0,1,1,0,0
1167,1,1,1,1,0,0,1,1,1,1
1168,1,0,0,1,0,0,1,1,1,1
1169,1,0,0,1,0,0,1,0,0,0
1170,0,0,0,1,0,0,1,0,0,0
1171,1,1,0,0,1,1,0,0,0,0
1172,0,1,0,0,1,1,0,1,1,1
1173,0,0,1,0,1,1,0,0,0,0
1174,1,0,0,1,0,0,1,1,1,1
1175,1,1,0,0,1,1,0,0,0,1
1176,0,0,0,0,1,1,0,0,0,1
1177,1,0,0,1,0,0,1,1,1,0
1178,1,1,0,0,1,1,0,1,0,1
1179,0,1,0,1,0,1,0,0,0,0
1180,1,1,1,0,1,1,0,1,1,0
1181,1,0,1,1,0,0,1,1,1,1
1182,1,1,0,0,1,0,1,0,1,1
1183,0,1,0,1,0,1,0,1,1,1
1184,0,1,1,1,0,0,1,1,0,0
1185,0,0,1,0,1,1,0,0,0,1
1186,0,0,0,1,0,1,0,1,0,1
1187,0,1,0,0,1,0,1,0,0,1
1188,0,1,1,1,0,1,0,1,1,1
1189,0,0,1,0,1,1,0,1,1,1
1190,1,0,0,1,0,1,0,0,1,0
1191,0,1,1,0,1,1,0,0,0,1
1192,1,1,1,1,0,1,0,1,1,0
1193,0,1,1,1,0,0,1,0,1,0
1194,0,1,1,1,0,1,0,1,0,0
1195,1,1,0,1,0,1,0,1,1,0
1196,1,0,0,1,0,0,1,0,1,1
1197,0,1,1,1,0,1,0,0,1,0
1198,0,0,0,0,1,0,1,0,0,0
1199,0,1,1,1,0,1,0,1,0,1
1200,1,0,0,1,0,1,0,1,0,1
1201,0,1,0,0,1,0,1,0,1,1
1202,1,0,0,1,0,1,0,1,0,0
1203,1,0,1,1,0,0,1,1,0,0
1204,0,0,1,0,1,0,1,1,1,1
1205,1,0,1,1,0,1,0,1,1,0
1206,0,0,1,0,1,1,0,1,0,0
1207,0,0,1,1,0,1,0,1,1,1
1208,1,1,1,0,1,1,0,0,1,1
1209,1,1,0,1,0,0,1,0,0,0
1210,0,1,0,1,0,0,1,0,0,0
1211,0,0,1,0,1,0,1,0,0,0
1212,0,1,1,0,1,0,1,0,0,0
1213,1,1,1,0,1,0,1,0,0,1
1214,1,1,1,1,0,1,0,0,1,1
1215,1,0,1,0,1,1,0,1,0,1
1216,0,1,1,0,1,0,1,0,0,1
1217,0,1,1,1,0,1,0,0,0,0
1218,1,1,0,1,0,1,0,1,0,0
1219,1,1,1,1,0,0,1,0,1,1
1220,1,0,0,0,1,0,1,0,1,1
1221,1,0,1,0,1,0,1,1,1,1
1222,0,1,0,1,0,0,1,1,1,0
1223,1,1,1,0,1,1,0,0,0,1
1224,0,1,0,0,1,1,0,0,1,1
1225,0,1,1,0,1,0,1,1,1,0
1226,0,1,1,1,0,0,1,0,0,0
1227,0,0,1,1,0,1,0,1,1,0
1228,1,0,0,0,1,0,1,1,0,0
1229,0,1,0,0,1,1,0,1,1,1
1230,0,0,0,1,0,1,0,0,0,1
1231,1,0,0,1,0,0,1,1,1,1
1232,0,1,1,0,1,0,1,1,0,0
1233,1,0,1,1,0,0,1,1,0,1
1234,1,0,1,1,0,0,1,0,1,0
1235,0,1,0,0,1,1,0,1,0,1
1236,0,1,1,0,1,1,0,0,1,0
1237,0,0,0,1,0,1,0,0,0,1
1238,0,0,1,0,1,0,1,0,1,1
1239,1,0,0,1,0,1,0,0,1,1
1240,0,0,1,0,1,1,0,1,0,0
1241,1,1,1,0,1,1,0,0,1,0
1242,0,0,0,1,0,0,1,1,1,1
1243,0,1,0,1,0,0,1,0,1,1
1244,0,0,1,0,1,0,1,0,0,0
1245,0,0,1,0,1,1,0,0,1,0
1246,0,0,1,1,0,0,1,0,1,1
1247,0,1,1,1,0,1,0,1,0,0
1248,0,0,1,1,0,0,1,1,0,0
1249,0,1,0,0,1,1,0,1,1,1
1250,1,0,1,0,1,1,0,0,0,0
1251,0,0,0,0,1,0,1,0,0,1
1252,1,1,0,0,1,0,1,1,0,0
1253,0,1,0,0,1,1,0,0,0,0
1254,1,1,1,0,1,0,1,0,0,0
1255,0,0,1,1,0,0,1,0,1,1
1256,0,1,1,0,1,0,1,1,1,0
1257,0,0,0,0,1,1,0,1,1,0
1258,0,0,0,1,0,0,1,0,0,1
1259,1,1,0,0,1,1,0,0,0,0
1260,0,1,0,0,1,1,0,1,0,1
1261,1,1,0,1,0,0,1,1,0,0
1262,0,1,0,1,0,0,1,0,1,1
1263,0,0,1,1,0,1,0,0,0,0
1264,1,1,1,1,0,1,0,1,0,0
